room_id,artwork,legacy_weather,decision,presets,intensity,space,emitters,conditions,combat,review_note
pit_L1_landing,images/rooms/world_1/pit_L1_landing_v5.webp,dust,keep,legacy.dust,0.25,viewport,[[]],[{}],attenuated .65; same predicates,"Preserve authored family; bounded shared renderer, no extra layer."
pit_mess,images/rooms/world_1/pit_mess_v5.webp,,none,,,,[],[],attenuated .65; same predicates,Quiet artwork; preserve deliberate absence of an authored effect.
pit_kitchen,images/rooms/world_1/pit_kitchen_v5.webp,,none,,,,[],[],attenuated .65; same predicates,Quiet artwork; preserve deliberate absence of an authored effect.
pit_shaft,images/rooms/world_1/pit_shaft_v5.webp,steam,change,machinery.vent_mist,0.3,scene,"[[{""x"": 0.63, ""y"": 0.46, ""angle_degrees"": -104}, {""x"": 0.64, ""y"": 0.69, ""angle_degrees"": -100}]]",[{}],attenuated .65; same predicates,"Sources placed against pictured pipe outlets, shower nozzles or hot water; generic five-nozzle layout removed."
weather_lab,images/rooms/world_1/weather_lab.webp,,none,,,,[],[],attenuated .65; same predicates,Quiet artwork; preserve deliberate absence of an authored effect.
pit_jed_bunk,images/rooms/world_1/pit_jed_bunk_v5.webp,,change,legacy.industrial,0.08,scene,[[]],[{}],attenuated .65; same predicates,Sparse warm scene motes; NPC remains unobscured.
pit_L2_corridor,images/rooms/world_1/pit_L2_corridor_v5.webp,,none,,,,[],[],attenuated .65; same predicates,Quiet artwork; preserve deliberate absence of an authored effect.
pit_nova_bunk,images/rooms/world_1/pit_nova_bunk_v5.webp,,change,interior.dust_motes,0.1,scene,[[]],"[{""requires_state"": {""light_on"": true}}]",attenuated .65; same predicates,Lamp dust activates only after authored light_on state; dark room unchanged.
pit_storage,images/rooms/world_1/pit_storage_v5.webp,,none,,,,[],[],attenuated .65; same predicates,Quiet artwork; preserve deliberate absence of an authored effect.
pit_vents,images/rooms/world_1/pit_vents_v5.webp,,none,,,,[],[],attenuated .65; same predicates,Quiet artwork; preserve deliberate absence of an authored effect.
pit_showers,images/rooms/world_1/pit_showers_v5.webp,steam,change,machinery.vent_mist,0.3,scene,"[[{""x"": 0.67, ""y"": 0.61, ""angle_degrees"": -90}, {""x"": 0.82, ""y"": 0.58, ""angle_degrees"": -98}]]",[{}],attenuated .65; same predicates,"Sources placed against pictured pipe outlets, shower nozzles or hot water; generic five-nozzle layout removed."
workshop_yard,images/rooms/world_1/workshop_yard_v3.webp,dust,keep,legacy.dust,0.25,viewport,[[]],[{}],attenuated .65; same predicates,"Preserve authored family; bounded shared renderer, no extra layer."
workshop_floor,images/rooms/world_1/workshop_floor_v3.webp,,none,,,,[],[],attenuated .65; same predicates,Quiet artwork; preserve deliberate absence of an authored effect.
workshop_office,images/rooms/world_1/workshop_office_v3.webp,,none,,,,[],[],attenuated .65; same predicates,Quiet artwork; preserve deliberate absence of an authored effect.
workshop_loft,images/rooms/world_1/workshop_loft_v3.webp,,none,,,,[],[],attenuated .65; same predicates,Quiet artwork; preserve deliberate absence of an authored effect.
workshop_shed,images/rooms/world_1/workshop_shed_v3.webp,,none,,,,[],[],attenuated .65; same predicates,Quiet artwork; preserve deliberate absence of an authored effect.
workshop_basement,images/rooms/world_1/workshop_basement_v3.webp,,none,,,,[],[],attenuated .65; same predicates,Quiet artwork; preserve deliberate absence of an authored effect.
workshop_dock,images/rooms/world_1/workshop_dock_v3.webp,,none,,,,[],[],attenuated .65; same predicates,Quiet artwork; preserve deliberate absence of an authored effect.
workshop_back,images/rooms/world_1/workshop_back_v3.webp,,none,,,,[],[],attenuated .65; same predicates,Quiet artwork; preserve deliberate absence of an authored effect.
medbay_hall,images/rooms/world_1/medbay_hall_v3.webp,,none,,,,[],[],attenuated .65; same predicates,Quiet artwork; preserve deliberate absence of an authored effect.
medbay_exam1,images/rooms/world_1/medbay_exam1_v3.webp,,none,,,,[],[],attenuated .65; same predicates,Quiet artwork; preserve deliberate absence of an authored effect.
medbay_storage,images/rooms/world_1/medbay_storage_v3.webp,,none,,,,[],[],attenuated .65; same predicates,Quiet artwork; preserve deliberate absence of an authored effect.
medbay_vents,images/rooms/world_1/medbay_vents_v3.webp,,none,,,,[],[],attenuated .65; same predicates,Quiet artwork; preserve deliberate absence of an authored effect.
medbay_exhaust,images/rooms/world_1/medbay_exhaust_v3.webp,,none,,,,[],[],attenuated .65; same predicates,Quiet artwork; preserve deliberate absence of an authored effect.
medbay_decon,images/rooms/world_1/medbay_decon_v3.webp,,none,,,,[],[],attenuated .65; same predicates,Quiet artwork; preserve deliberate absence of an authored effect.
medbay_morgue,images/rooms/world_1/medbay_morgue_v3.webp,,none,,,,[],[],attenuated .65; same predicates,Quiet artwork; preserve deliberate absence of an authored effect.
trade_entrance,images/rooms/world_1/trade_entrance_v3.webp,,none,,,,[],[],attenuated .65; same predicates,Quiet artwork; preserve deliberate absence of an authored effect.
trade_strip,images/rooms/world_1/trade_strip_v3.webp,,none,,,,[],[],attenuated .65; same predicates,Quiet artwork; preserve deliberate absence of an authored effect.
trade_scrapper,images/rooms/world_1/trade_scrapper_v3.webp,,none,,,,[],[],attenuated .65; same predicates,Quiet artwork; preserve deliberate absence of an authored effect.
trade_stash,images/rooms/world_1/trade_stash_v3.webp,,none,,,,[],[],attenuated .65; same predicates,Quiet artwork; preserve deliberate absence of an authored effect.
trade_bar,images/rooms/world_1/trade_bar_v3.webp,,none,,,,[],[],attenuated .65; same predicates,Quiet artwork; preserve deliberate absence of an authored effect.
trade_den,images/rooms/world_1/trade_den_v3.webp,,none,,,,[],[],attenuated .65; same predicates,Quiet artwork; preserve deliberate absence of an authored effect.
trade_locker,images/rooms/world_1/trade_locker_v3.webp,,none,,,,[],[],attenuated .65; same predicates,Quiet artwork; preserve deliberate absence of an authored effect.
trade_gantry,images/rooms/world_1/trade_gantry_v3.webp,,none,,,,[],[],attenuated .65; same predicates,Quiet artwork; preserve deliberate absence of an authored effect.
trade_maint,images/rooms/world_1/trade_maint_v3.webp,,none,,,,[],[],attenuated .65; same predicates,Quiet artwork; preserve deliberate absence of an authored effect.
checkpoint_queue,images/rooms/world_1/checkpoint_queue_v3.webp,,none,,,,[],[],attenuated .65; same predicates,Quiet artwork; preserve deliberate absence of an authored effect.
checkpoint_bay,images/rooms/world_1/checkpoint_bay_v3.webp,,none,,,,[],[],attenuated .65; same predicates,Quiet artwork; preserve deliberate absence of an authored effect.
checkpoint_booth,images/rooms/world_1/checkpoint_booth_v3.webp,,none,,,,[],[],attenuated .65; same predicates,Quiet artwork; preserve deliberate absence of an authored effect.
checkpoint_cell,images/rooms/world_1/checkpoint_cell_v3.webp,,none,,,,[],[],attenuated .65; same predicates,Quiet artwork; preserve deliberate absence of an authored effect.
checkpoint_door,images/rooms/world_1/checkpoint_door_v3.webp,,none,,,,[],[],attenuated .65; same predicates,Quiet artwork; preserve deliberate absence of an authored effect.
checkpoint_tunnel,images/rooms/world_1/checkpoint_tunnel_v3.webp,,none,,,,[],[],attenuated .65; same predicates,Quiet artwork; preserve deliberate absence of an authored effect.
admin_lobby,images/rooms/world_1/admin_lobby.webp,,none,,,,[],[],attenuated .65; same predicates,Quiet artwork; preserve deliberate absence of an authored effect.
admin_deck,images/rooms/world_1/admin_deck.webp,,none,,,,[],[],attenuated .65; same predicates,Quiet artwork; preserve deliberate absence of an authored effect.
admin_window,images/rooms/world_1/admin_window.webp,,none,,,,[],[],attenuated .65; same predicates,Quiet artwork; preserve deliberate absence of an authored effect.
admin_office,images/rooms/world_1/admin_office.webp,,none,,,,[],[],attenuated .65; same predicates,Quiet artwork; preserve deliberate absence of an authored effect.
admin_kiosk,images/rooms/world_1/admin_kiosk.webp,,none,,,,[],[],attenuated .65; same predicates,Quiet artwork; preserve deliberate absence of an authored effect.
admin_lounge,images/rooms/world_1/admin_lounge.webp,,none,,,,[],[],attenuated .65; same predicates,Quiet artwork; preserve deliberate absence of an authored effect.
admin_elevator,images/rooms/world_1/admin_elevator.webp,,none,,,,[],[],attenuated .65; same predicates,Quiet artwork; preserve deliberate absence of an authored effect.
admin_security,images/rooms/world_1/admin_security.webp,,none,,,,[],[],attenuated .65; same predicates,Quiet artwork; preserve deliberate absence of an authored effect.
server_airlock,images/rooms/world_1/server_airlock.webp,,none,,,,[],[],attenuated .65; same predicates,Quiet artwork; preserve deliberate absence of an authored effect.
server_aisle1,images/rooms/world_1/server_aisle.webp,,none,,,,[],[],attenuated .65; same predicates,Quiet artwork; preserve deliberate absence of an authored effect.
server_cooling,images/rooms/world_1/server_cooling.webp,snow,keep,legacy.snow,0.5,viewport,[[]],[{}],attenuated .65; same predicates,"Preserve authored family; bounded shared renderer, no extra layer."
server_hub,images/rooms/world_1/server_hub.webp,,none,,,,[],[],attenuated .65; same predicates,Quiet artwork; preserve deliberate absence of an authored effect.
server_backup,images/rooms/world_1/server_backup.webp,,none,,,,[],[],attenuated .65; same predicates,Quiet artwork; preserve deliberate absence of an authored effect.
server_office,images/rooms/world_1/server_office.webp,,none,,,,[],[],attenuated .65; same predicates,Quiet artwork; preserve deliberate absence of an authored effect.
server_crawl,images/rooms/world_1/server_crawl.webp,,none,,,,[],[],attenuated .65; same predicates,Quiet artwork; preserve deliberate absence of an authored effect.
mine_landing,images/rooms/world_1/mine_landing.webp,cave_drip,keep,legacy.cave_drip,0.35,viewport,[[]],[{}],attenuated .65; same predicates,"Preserve authored family; bounded shared renderer, no extra layer."
mine_alpha,images/rooms/world_1/mine_alpha.webp,,none,,,,[],[],attenuated .65; same predicates,Quiet artwork; preserve deliberate absence of an authored effect.
mine_shunt,images/rooms/world_1/mine_shunt.webp,,none,,,,[],[],attenuated .65; same predicates,Quiet artwork; preserve deliberate absence of an authored effect.
mine_junction,images/rooms/world_1/mine_junction.webp,,none,,,,[],[],attenuated .65; same predicates,Quiet artwork; preserve deliberate absence of an authored effect.
mine_sealed_munitions_vault,images/rooms/world_1/mine_junction.webp,dust,keep,legacy.dust,0.25,viewport,[[]],[{}],attenuated .65; same predicates,"Preserve authored family; bounded shared renderer, no extra layer."
mine_conveyor,images/rooms/world_1/mine_conveyor.webp,,none,,,,[],[],attenuated .65; same predicates,Quiet artwork; preserve deliberate absence of an authored effect.
mine_checkpoint,images/rooms/world_1/mine_checkpoint.webp,,none,,,,[],[],attenuated .65; same predicates,Quiet artwork; preserve deliberate absence of an authored effect.
mine_sifter,images/rooms/world_1/mine_sifter.webp,dust,keep,legacy.dust,0.25,viewport,[[]],[{}],attenuated .65; same predicates,"Preserve authored family; bounded shared renderer, no extra layer."
mine_gas,images/rooms/world_1/mine_gas.webp,gas,change,atmosphere.gas,0.4,viewport,[[]],[{}],attenuated .65; same predicates,"Preserve authored family; bounded shared renderer, no extra layer."
mine_shoring,images/rooms/world_1/mine_shoring.webp,,none,,,,[],[],attenuated .65; same predicates,Quiet artwork; preserve deliberate absence of an authored effect.
mine_threshold,images/rooms/world_1/mine_threshold.webp,,none,,,,[],[],attenuated .65; same predicates,Quiet artwork; preserve deliberate absence of an authored effect.
mine_slope,images/rooms/world_1/mine_slope.webp,,none,,,,[],[],attenuated .65; same predicates,Quiet artwork; preserve deliberate absence of an authored effect.
mine_antechamber,images/rooms/world_1/mine_antechamber.webp,,none,,,,[],[],attenuated .65; same predicates,Quiet artwork; preserve deliberate absence of an authored effect.
echo_gap,images/rooms/world_1/echo_gap.webp,,none,,,,[],[],attenuated .65; same predicates,Quiet artwork; preserve deliberate absence of an authored effect.
echo_walkway,images/rooms/world_1/echo_walkway.webp,,none,,,,[],[],attenuated .65; same predicates,Quiet artwork; preserve deliberate absence of an authored effect.
echo_heart,images/rooms/world_1/echo_heart.webp,resonance,change,field.resonance,0.23,viewport,[[]],[{}],attenuated .65; same predicates,"Reviewed artwork; restrained suspended motes/vertical veils, no horizontal wave lines."
echo_well,images/rooms/world_1/echo_well.webp,,none,,,,[],[],attenuated .65; same predicates,Quiet artwork; preserve deliberate absence of an authored effect.
echo_memory,images/rooms/world_1/echo_memory.webp,,none,,,,[],[],attenuated .65; same predicates,Quiet artwork; preserve deliberate absence of an authored effect.
echo_exit,images/rooms/world_1/echo_exit.webp,,none,,,,[],[],attenuated .65; same predicates,Quiet artwork; preserve deliberate absence of an authored effect.
launch_access,images/rooms/world_1/launch_access.webp,,none,,,,[],[],attenuated .65; same predicates,Quiet artwork; preserve deliberate absence of an authored effect.
launch_gantry,images/rooms/world_1/launch_gantry.webp,,none,,,,[],[],attenuated .65; same predicates,Quiet artwork; preserve deliberate absence of an authored effect.
launch_fuel,images/rooms/world_1/launch_fuel.webp,,none,,,,[],[],attenuated .65; same predicates,Quiet artwork; preserve deliberate absence of an authored effect.
launch_lift,images/rooms/world_1/launch_lift.webp,,none,,,,[],[],attenuated .65; same predicates,Quiet artwork; preserve deliberate absence of an authored effect.
launch_checkpoint,images/rooms/world_1/launch_checkpoint.webp,,none,,,,[],[],attenuated .65; same predicates,Quiet artwork; preserve deliberate absence of an authored effect.
launch_bay,images/rooms/world_1/launch_bay.webp,,none,,,,[],[],attenuated .65; same predicates,Quiet artwork; preserve deliberate absence of an authored effect.
launch_pod,images/rooms/world_1/launch_pod.webp,,none,,,,[],[],attenuated .65; same predicates,Quiet artwork; preserve deliberate absence of an authored effect.
launch_rail,images/rooms/world_1/launch_rail.webp,,none,,,,[],[],attenuated .65; same predicates,Quiet artwork; preserve deliberate absence of an authored effect.
debug_presence_stress,images/rooms/world_1/debug_presence_stress.webp,,none,,,,[],[],attenuated .65; same predicates,Quiet artwork; preserve deliberate absence of an authored effect.
debug_enemy_party_sizes,images/rooms/world_1/debug_enemy_party_sizes.webp,,none,,,,[],[],attenuated .65; same predicates,Quiet artwork; preserve deliberate absence of an authored effect.
debug_enemy_party_sizes_west,images/rooms/world_1/debug_enemy_party_sizes_west.webp,,none,,,,[],[],attenuated .65; same predicates,Quiet artwork; preserve deliberate absence of an authored effect.
debug_enemy_party_sizes_north,images/rooms/world_1/debug_enemy_party_sizes_north.webp,,none,,,,[],[],attenuated .65; same predicates,Quiet artwork; preserve deliberate absence of an authored effect.
debug_enemy_party_sizes_south,images/rooms/world_1/debug_enemy_party_sizes_south.webp,,none,,,,[],[],attenuated .65; same predicates,Quiet artwork; preserve deliberate absence of an authored effect.
debug_enemy_party_sizes_east,images/rooms/world_1/debug_enemy_party_sizes_east.webp,,none,,,,[],[],attenuated .65; same predicates,Quiet artwork; preserve deliberate absence of an authored effect.
spire_sewers_landing,images/rooms/world_3/spire_sewers_landing.webp,cave_drip,keep,legacy.cave_drip,0.35,viewport,[[]],[{}],attenuated .65; same predicates,"Preserve authored family; bounded shared renderer, no extra layer."
spire_runoff_lock,images/rooms/world_3/spire_runoff_lock.webp,cave_drip,keep,legacy.cave_drip,0.35,viewport,[[]],[{}],attenuated .65; same predicates,"Preserve authored family; bounded shared renderer, no extra layer."
spire_sewers_passage,images/rooms/world_3/spire_sewers_passage.webp,cave_drip,keep,legacy.cave_drip,0.35,viewport,[[]],[{}],attenuated .65; same predicates,"Preserve authored family; bounded shared renderer, no extra layer."
spire_maintenance_sluice,images/rooms/world_3/spire_maintenance_sluice.webp,,none,,,,[],[],attenuated .65; same predicates,Quiet artwork; preserve deliberate absence of an authored effect.
spire_vent_output,images/rooms/world_3/spire_vent_output.webp,rain,keep,legacy.rain,0.5,viewport,[[]],[{}],attenuated .65; same predicates,"Preserve authored family; bounded shared renderer, no extra layer."
spire_rain_gutter_alley,images/rooms/world_3/spire_rain_gutter_alley.webp,rain,keep,legacy.rain,0.5,viewport,[[]],[{}],attenuated .65; same predicates,"Preserve authored family; bounded shared renderer, no extra layer."
spire_underrail_platform,images/rooms/world_3/spire_underrail_platform.webp,rain,keep,legacy.rain,0.5,viewport,[[]],[{}],attenuated .65; same predicates,"Preserve authored family; bounded shared renderer, no extra layer."
spire_the_static,images/rooms/world_3/spire_the_static.webp,,none,,,,[],[],attenuated .65; same predicates,Quiet artwork; preserve deliberate absence of an authored effect.
spire_old_subway_car,images/rooms/world_3/spire_old_subway_car.webp,,none,,,,[],[],attenuated .65; same predicates,Quiet artwork; preserve deliberate absence of an authored effect.
spire_signal_stairwell,images/rooms/world_3/spire_signal_stairwell.webp,,none,,,,[],[],attenuated .65; same predicates,Quiet artwork; preserve deliberate absence of an authored effect.
spire_zekes_apartment,images/rooms/world_3/spire_zekes_apartment.webp,,none,,,,[],[],attenuated .65; same predicates,Quiet artwork; preserve deliberate absence of an authored effect.
spire_safehouse_roof,images/rooms/world_3/spire_safehouse_roof.webp,rain,keep,legacy.rain,0.5,viewport,[[]],[{}],attenuated .65; same predicates,"Preserve authored family; bounded shared renderer, no extra layer."
spire_night_market,images/rooms/world_3/spire_night_market.webp,rain,change,weather.rain,0.5,viewport,[[]],[{}],attenuated .65; same predicates,"Preserve authored family; bounded shared renderer, no extra layer."
spire_noodle_row,images/rooms/world_3/spire_noodle_row.webp,rain,keep,legacy.rain,0.5,viewport,[[]],[{}],attenuated .65; same predicates,"Preserve authored family; bounded shared renderer, no extra layer."
spire_lantern_bridge,images/rooms/world_3/spire_lantern_bridge.webp,rain,keep,legacy.rain,0.5,viewport,[[]],[{}],attenuated .65; same predicates,"Preserve authored family; bounded shared renderer, no extra layer."
spire_backstreet_clinic,images/rooms/world_3/spire_backstreet_clinic.webp,,none,,,,[],[],attenuated .65; same predicates,Quiet artwork; preserve deliberate absence of an authored effect.
spire_transit_plaza,images/rooms/world_3/spire_transit_plaza.webp,rain,keep,legacy.rain,0.5,viewport,[[]],[{}],attenuated .65; same predicates,"Preserve authored family; bounded shared renderer, no extra layer."
spire_checkpoint_queue,images/rooms/world_3/spire_checkpoint_queue.webp,rain,keep,legacy.rain,0.5,viewport,[[]],[{}],attenuated .65; same predicates,"Preserve authored family; bounded shared renderer, no extra layer."
spire_security_kiosk,images/rooms/world_3/spire_security_kiosk.webp,,none,,,,[],[],attenuated .65; same predicates,Quiet artwork; preserve deliberate absence of an authored effect.
spire_elevator_service_gate,images/rooms/world_3/spire_elevator_service_gate.webp,rain,keep,legacy.rain,0.5,viewport,[[]],[{}],attenuated .65; same predicates,"Preserve authored family; bounded shared renderer, no extra layer."
spire_laundry_service,images/rooms/world_3/spire_laundry_service.webp,steam,change,machinery.vent_mist,0.3,scene,"[[{""x"": 0.24, ""y"": 0.53, ""angle_degrees"": -72}, {""x"": 0.4, ""y"": 0.54, ""angle_degrees"": -102}]]",[{}],attenuated .65; same predicates,"Sources placed against pictured pipe outlets, shower nozzles or hot water; generic five-nozzle layout removed."
spire_uniform_sorting,images/rooms/world_3/spire_uniform_sorting.webp,,none,,,,[],[],attenuated .65; same predicates,Quiet artwork; preserve deliberate absence of an authored effect.
spire_service_lift,images/rooms/world_3/spire_service_lift.webp,,none,,,,[],[],attenuated .65; same predicates,Quiet artwork; preserve deliberate absence of an authored effect.
spire_staff_checkpoint,images/rooms/world_3/spire_staff_checkpoint.webp,,none,,,,[],[],attenuated .65; same predicates,Quiet artwork; preserve deliberate absence of an authored effect.
spire_skypark_dome,images/rooms/world_3/spire_skypark_dome.webp,,none,,,,[],[],attenuated .65; same predicates,Quiet artwork; preserve deliberate absence of an authored effect.
spire_glasswalk,images/rooms/world_3/spire_glasswalk.webp,,none,,,,[],[],attenuated .65; same predicates,Quiet artwork; preserve deliberate absence of an authored effect.
spire_donor_gallery,images/rooms/world_3/spire_donor_gallery.webp,,none,,,,[],[],attenuated .65; same predicates,Quiet artwork; preserve deliberate absence of an authored effect.
spire_black_site_lab,images/rooms/world_3/spire_donor_gallery.webp,,none,,,,[],[],attenuated .65; same predicates,Quiet artwork; preserve deliberate absence of an authored effect.
spire_exec_lounge_bar,images/rooms/world_3/spire_exec_lounge_bar.webp,rain,keep,legacy.rain,0.5,viewport,[[]],[{}],attenuated .65; same predicates,"Preserve authored family; bounded shared renderer, no extra layer."
spire_archive_vault,images/rooms/world_3/spire_archive_vault.webp,,none,,,,[],[],attenuated .65; same predicates,Quiet artwork; preserve deliberate absence of an authored effect.
spire_prism_gallery,images/rooms/world_3/spire_prism_gallery.webp,,none,,,,[],[],attenuated .65; same predicates,Quiet artwork; preserve deliberate absence of an authored effect.
spire_drone_test_alcove,images/rooms/world_3/spire_drone_test_alcove.webp,,none,,,,[],[],attenuated .65; same predicates,Quiet artwork; preserve deliberate absence of an authored effect.
spire_landing_pad_roof,images/rooms/world_3/spire_landing_pad_roof.webp,storm,keep,legacy.storm,0.5,viewport,[[]],[{}],attenuated .65; same predicates,"Preserve authored family; bounded shared renderer, no extra layer."
foundry_slag_landing,images/rooms/world_4/foundry_slag_landing.webp,dust,keep,legacy.dust,0.25,viewport,[[]],[{}],attenuated .65; same predicates,"Preserve authored family; bounded shared renderer, no extra layer."
foundry_obsidian_overlook,images/rooms/world_4/foundry_obsidian_overlook.webp,dust,keep,legacy.dust,0.25,viewport,[[]],[{}],attenuated .65; same predicates,"Preserve authored family; bounded shared renderer, no extra layer."
foundry_slag_river,images/rooms/world_4/foundry_slag_river.webp,dust,keep,legacy.dust,0.25,viewport,[[]],[{}],attenuated .65; same predicates,"Preserve authored family; bounded shared renderer, no extra layer."
foundry_slag_stepping_stones,images/rooms/world_4/foundry_slag_stepping_stones.webp,dust,keep,legacy.dust,0.25,viewport,[[]],[{}],attenuated .65; same predicates,"Preserve authored family; bounded shared renderer, no extra layer."
foundry_subterranean_smelter,images/rooms/world_4/foundry_slag_stepping_stones.webp,sparks,change,machinery.sparks;heat.embers,0.3;0.18,viewport;scene,"[[{""x"": 0.15, ""y"": 0.7, ""angle_degrees"": -75}, {""x"": 0.82, ""y"": 0.6, ""angle_degrees"": -110}], []]","[{}, {}]",attenuated .65; same predicates,Sparks tied to lava edges with a second restrained ember layer.
foundry_cooling_springs,images/rooms/world_4/foundry_cooling_springs.webp,steam,change,machinery.vent_mist,0.3,scene,"[[{""x"": 0.18, ""y"": 0.68, ""angle_degrees"": -78}, {""x"": 0.78, ""y"": 0.69, ""angle_degrees"": -104}]]",[{}],attenuated .65; same predicates,"Sources placed against pictured pipe outlets, shower nozzles or hot water; generic five-nozzle layout removed."
foundry_lava_tube_bypass,images/rooms/world_4/foundry_lava_tube_bypass.webp,steam,change,machinery.vent_mist,0.3,scene,"[[{""x"": 0.61, ""y"": 0.25, ""angle_degrees"": -105}, {""x"": 0.63, ""y"": 0.58, ""angle_degrees"": -95}]]",[{}],attenuated .65; same predicates,"Sources placed against pictured pipe outlets, shower nozzles or hot water; generic five-nozzle layout removed."
foundry_waste_intake,images/rooms/world_4/foundry_waste_intake.webp,gas,keep,legacy.gas,0.5,viewport,[[]],[{}],attenuated .65; same predicates,"Preserve authored family; bounded shared renderer, no extra layer."
foundry_intake_overlook,images/rooms/world_4/foundry_intake_overlook.webp,gas,keep,legacy.gas,0.5,viewport,[[]],[{}],attenuated .65; same predicates,"Preserve authored family; bounded shared renderer, no extra layer."
foundry_service_airlock,images/rooms/world_4/foundry_service_airlock.webp,,none,,,,[],[],attenuated .65; same predicates,Quiet artwork; preserve deliberate absence of an authored effect.
foundry_decon_chamber,images/rooms/world_4/foundry_decon_chamber.webp,steam,change,machinery.vent_mist,0.3,scene,"[[{""x"": 0.17, ""y"": 0.27, ""angle_degrees"": 65}, {""x"": 0.83, ""y"": 0.27, ""angle_degrees"": 115}, {""x"": 0.5, ""y"": 0.18, ""angle_degrees"": 90}]]",[{}],attenuated .65; same predicates,"Sources placed against pictured pipe outlets, shower nozzles or hot water; generic five-nozzle layout removed."
foundry_conveyor_belt,images/rooms/world_4/foundry_conveyor_belt.webp,sparks,keep,legacy.sparks,0.5,viewport,"[[{""x"": 0.4, ""y"": 0.5, ""angle_degrees"": 55}, {""x"": 0.6, ""y"": 0.65, ""angle_degrees"": 125}]]",[{}],attenuated .65; same predicates,"Preserve authored family; bounded shared renderer, no extra layer."
foundry_belt_service_walk,images/rooms/world_4/foundry_belt_service_walk.webp,sparks,keep,legacy.sparks,0.5,viewport,"[[{""x"": 0.4, ""y"": 0.5, ""angle_degrees"": 55}, {""x"": 0.6, ""y"": 0.65, ""angle_degrees"": 125}]]",[{}],attenuated .65; same predicates,"Preserve authored family; bounded shared renderer, no extra layer."
foundry_reject_bay,images/rooms/world_4/foundry_reject_bay.webp,sparks,keep,legacy.sparks,0.5,viewport,"[[{""x"": 0.4, ""y"": 0.5, ""angle_degrees"": 55}, {""x"": 0.6, ""y"": 0.65, ""angle_degrees"": 125}]]",[{}],attenuated .65; same predicates,"Preserve authored family; bounded shared renderer, no extra layer."
foundry_conditioning_chamber,images/rooms/world_4/foundry_conditioning_chamber.webp,,none,,,,[],[],attenuated .65; same predicates,Quiet artwork; preserve deliberate absence of an authored effect.
foundry_conditioning_observation,images/rooms/world_4/foundry_conditioning_observation.webp,,none,,,,[],[],attenuated .65; same predicates,Quiet artwork; preserve deliberate absence of an authored effect.
foundry_forge_anvil,images/rooms/world_4/foundry_forge_anvil.webp,sparks,keep,legacy.sparks,0.5,viewport,"[[{""x"": 0.4, ""y"": 0.5, ""angle_degrees"": 55}, {""x"": 0.6, ""y"": 0.65, ""angle_degrees"": 125}]]",[{}],attenuated .65; same predicates,"Preserve authored family; bounded shared renderer, no extra layer."
foundry_forge_control_alcove,images/rooms/world_4/foundry_forge_control_alcove.webp,sparks,keep,legacy.sparks,0.5,viewport,"[[{""x"": 0.4, ""y"": 0.5, ""angle_degrees"": 55}, {""x"": 0.6, ""y"": 0.65, ""angle_degrees"": 125}]]",[{}],attenuated .65; same predicates,"Preserve authored family; bounded shared renderer, no extra layer."
foundry_power_core,images/rooms/world_4/foundry_power_core.webp,sparks,keep,legacy.sparks,0.5,viewport,"[[{""x"": 0.4, ""y"": 0.5, ""angle_degrees"": 55}, {""x"": 0.6, ""y"": 0.65, ""angle_degrees"": 125}]]",[{}],attenuated .65; same predicates,"Preserve authored family; bounded shared renderer, no extra layer."
foundry_engine_service_ring,images/rooms/world_4/foundry_engine_service_ring.webp,sparks,keep,legacy.sparks,0.5,viewport,"[[{""x"": 0.4, ""y"": 0.5, ""angle_degrees"": 55}, {""x"": 0.6, ""y"": 0.65, ""angle_degrees"": 125}]]",[{}],attenuated .65; same predicates,"Preserve authored family; bounded shared renderer, no extra layer."
foundry_titan_dock,images/rooms/world_4/foundry_titan_dock.webp,sparks,keep,legacy.sparks,0.5,viewport,"[[{""x"": 0.4, ""y"": 0.5, ""angle_degrees"": 55}, {""x"": 0.6, ""y"": 0.65, ""angle_degrees"": 125}]]",[{}],attenuated .65; same predicates,"Preserve authored family; bounded shared renderer, no extra layer."
foundry_escape_catwalk,images/rooms/world_4/foundry_escape_catwalk.webp,sparks,keep,legacy.sparks,0.5,viewport,"[[{""x"": 0.4, ""y"": 0.5, ""angle_degrees"": 55}, {""x"": 0.6, ""y"": 0.65, ""angle_degrees"": 125}]]",[{}],attenuated .65; same predicates,"Preserve authored family; bounded shared renderer, no extra layer."
orbital_executive_dock,images/rooms/world_5/orbital_executive_dock.webp,,none,,,,[],[],attenuated .65; same predicates,Quiet artwork; preserve deliberate absence of an authored effect.
orbital_airlock_gallery,images/rooms/world_5/orbital_airlock_gallery.webp,,none,,,,[],[],attenuated .65; same predicates,Quiet artwork; preserve deliberate absence of an authored effect.
orbital_grand_concourse,images/rooms/world_5/orbital_grand_concourse.webp,,none,,,,[],[],attenuated .65; same predicates,Quiet artwork; preserve deliberate absence of an authored effect.
orbital_customs_lounge,images/rooms/world_5/orbital_customs_lounge.webp,,none,,,,[],[],attenuated .65; same predicates,Quiet artwork; preserve deliberate absence of an authored effect.
orbital_solarium,images/rooms/world_5/orbital_solarium.webp,,none,,,,[],[],attenuated .65; same predicates,Quiet artwork; preserve deliberate absence of an authored effect.
orbital_mirror_walk,images/rooms/world_5/orbital_mirror_walk.webp,,none,,,,[],[],attenuated .65; same predicates,Quiet artwork; preserve deliberate absence of an authored effect.
orbital_security_hub,images/rooms/world_5/orbital_security_hub.webp,,none,,,,[],[],attenuated .65; same predicates,Quiet artwork; preserve deliberate absence of an authored effect.
orbital_surveillance_pit,images/rooms/world_5/orbital_surveillance_pit.webp,,none,,,,[],[],attenuated .65; same predicates,Quiet artwork; preserve deliberate absence of an authored effect.
orbital_service_shaft,images/rooms/world_5/orbital_service_shaft.webp,,none,,,,[],[],attenuated .65; same predicates,Quiet artwork; preserve deliberate absence of an authored effect.
orbital_zero_g_junction,images/rooms/world_5/orbital_zero_g_junction.webp,,none,,,,[],[],attenuated .65; same predicates,Quiet artwork; preserve deliberate absence of an authored effect.
orbital_breached_avionics_lab,images/rooms/world_5/orbital_zero_g_junction.webp,,none,,,,[],[],attenuated .65; same predicates,Quiet artwork; preserve deliberate absence of an authored effect.
orbital_server_farm,images/rooms/world_5/orbital_server_farm.webp,snow,keep,legacy.snow,0.5,viewport,[[]],[{}],attenuated .65; same predicates,"Preserve authored family; bounded shared renderer, no extra layer."
deep_mainframe_nave,images/rooms/world_5/deep_mainframe_nave.webp,snow,keep,legacy.snow,0.5,viewport,[[]],[{}],attenuated .65; same predicates,"Preserve authored family; bounded shared renderer, no extra layer."
deep_firewall_alpha,images/rooms/world_5/deep_firewall_alpha.webp,snow,keep,legacy.snow,0.5,viewport,[[]],[{}],attenuated .65; same predicates,"Preserve authored family; bounded shared renderer, no extra layer."
deep_firewall_beta,images/rooms/world_5/deep_firewall_beta.webp,snow,keep,legacy.snow,0.5,viewport,[[]],[{}],attenuated .65; same predicates,"Preserve authored family; bounded shared renderer, no extra layer."
deep_firewall_gamma,images/rooms/world_5/deep_firewall_gamma.webp,snow,keep,legacy.snow,0.5,viewport,[[]],[{}],attenuated .65; same predicates,"Preserve authored family; bounded shared renderer, no extra layer."
deep_backup_rack,images/rooms/world_5/deep_backup_rack.webp,snow,keep,legacy.snow,0.5,viewport,[[]],[{}],attenuated .65; same predicates,"Preserve authored family; bounded shared renderer, no extra layer."
deep_sysadmin_nest,images/rooms/world_5/deep_sysadmin_nest.webp,snow,keep,legacy.snow,0.5,viewport,[[]],[{}],attenuated .65; same predicates,"Preserve authored family; bounded shared renderer, no extra layer."
deep_anchor_chamber,images/rooms/world_5/deep_anchor_chamber.webp,resonance,change,field.resonance,0.23,viewport,[[]],[{}],attenuated .65; same predicates,"Reviewed artwork; restrained suspended motes/vertical veils, no horizontal wave lines."
deep_throne_room,images/rooms/world_5/deep_throne_room.webp,resonance,change,field.resonance,0.32,viewport,[[]],[{}],attenuated .65; same predicates,"Reviewed artwork; restrained suspended motes/vertical veils, no horizontal wave lines."
deep_tear,images/rooms/world_5/deep_tear.webp,resonance,change,field.resonance,0.32,viewport,[[]],[{}],attenuated .65; same predicates,"Reviewed artwork; restrained suspended motes/vertical veils, no horizontal wave lines."
source_campfire,images/rooms/world_6/source_campfire.webp,resonance,change,field.resonance,0.18,viewport,[[]],[{}],attenuated .65; same predicates,"Reviewed artwork; restrained suspended motes/vertical veils, no horizontal wave lines."
source_zeke_nightmare,images/rooms/world_6/source_zeke_nightmare.webp,,none,,,,[],[],attenuated .65; same predicates,Quiet artwork; preserve deliberate absence of an authored effect.
source_zeke_review_loop,images/rooms/world_6/source_zeke_review_loop.webp,,none,,,,[],[],attenuated .65; same predicates,Quiet artwork; preserve deliberate absence of an authored effect.
source_zeke_break_room,images/rooms/world_6/source_zeke_break_room.webp,,none,,,,[],[],attenuated .65; same predicates,Quiet artwork; preserve deliberate absence of an authored effect.
source_gh0st_nightmare,images/rooms/world_6/source_gh0st_nightmare.webp,,none,,,,[],[],attenuated .65; same predicates,Quiet artwork; preserve deliberate absence of an authored effect.
source_gh0st_kill_suite,images/rooms/world_6/source_gh0st_kill_suite.webp,,none,,,,[],[],attenuated .65; same predicates,Quiet artwork; preserve deliberate absence of an authored effect.
source_gh0st_elara_signal,images/rooms/world_6/source_gh0st_elara_signal.webp,,none,,,,[],[],attenuated .65; same predicates,Quiet artwork; preserve deliberate absence of an authored effect.
source_orion_nightmare,images/rooms/world_6/source_orion_nightmare.webp,starfall,change,field.starfall,0.25,viewport,[[]],[{}],attenuated .65; same predicates,"Preserve authored family; bounded shared renderer, no extra layer."
source_orion_tide_well,images/rooms/world_6/source_orion_tide_well.webp,starfall,keep,legacy.starfall,0.35,viewport,[[]],[{}],attenuated .65; same predicates,"Preserve authored family; bounded shared renderer, no extra layer."
source_orion_chorus,images/rooms/world_6/source_orion_chorus.webp,starfall,keep,legacy.starfall,0.35,viewport,[[]],[{}],attenuated .65; same predicates,"Preserve authored family; bounded shared renderer, no extra layer."
source_echo_mines,images/rooms/world_6/source_echo_mines.webp,dust,keep,legacy.dust,0.25,viewport,[[]],[{}],attenuated .65; same predicates,"Preserve authored family; bounded shared renderer, no extra layer."
source_echo_workbench,images/rooms/world_6/source_echo_workbench.webp,dust,keep,legacy.dust,0.25,viewport,[[]],[{}],attenuated .65; same predicates,"Preserve authored family; bounded shared renderer, no extra layer."
source_echo_patrol,images/rooms/world_6/source_echo_patrol.webp,dust,keep,legacy.dust,0.25,viewport,[[]],[{}],attenuated .65; same predicates,"Preserve authored family; bounded shared renderer, no extra layer."
source_echo_elevator,images/rooms/world_6/source_echo_elevator.webp,,none,,,,[],[],attenuated .65; same predicates,Quiet artwork; preserve deliberate absence of an authored effect.
source_memory_bridge,images/rooms/world_6/source_memory_bridge.webp,resonance,change,field.resonance,0.23,viewport,[[]],[{}],attenuated .65; same predicates,"Reviewed artwork; restrained suspended motes/vertical veils, no horizontal wave lines."
source_memory_bridge_span,images/rooms/world_6/source_memory_bridge_span.webp,resonance,change,field.resonance,0.23,viewport,[[]],[{}],attenuated .65; same predicates,"Reviewed artwork; restrained suspended motes/vertical veils, no horizontal wave lines."
source_memory_threshold,images/rooms/world_6/source_memory_threshold.webp,resonance,change,field.resonance,0.32,viewport,[[]],[{}],attenuated .65; same predicates,"Reviewed artwork; restrained suspended motes/vertical veils, no horizontal wave lines."
source_memory_stair,images/rooms/world_6/source_memory_stair.webp,resonance,change,field.resonance,0.12,viewport,[[]],[{}],attenuated .65; same predicates,"Reviewed artwork; restrained suspended motes/vertical veils, no horizontal wave lines."
source_memory_fragments,images/rooms/world_6/source_memory_fragments.webp,resonance,change,field.resonance,0.23,viewport,[[]],[{}],attenuated .65; same predicates,"Reviewed artwork; restrained suspended motes/vertical veils, no horizontal wave lines."
source_spire_thought,images/rooms/world_6/source_spire_thought.webp,resonance,change,field.resonance,0.32,viewport,[[]],[{}],attenuated .65; same predicates,"Reviewed artwork; restrained suspended motes/vertical veils, no horizontal wave lines."
source_spire_archive,images/rooms/world_6/source_spire_archive.webp,resonance,change,field.resonance,0.32,viewport,[[]],[{}],attenuated .65; same predicates,"Reviewed artwork; restrained suspended motes/vertical veils, no horizontal wave lines."
source_spire_arena,images/rooms/world_6/source_spire_arena.webp,resonance,change,field.resonance,0.23,viewport,[[]],[{}],attenuated .65; same predicates,"Reviewed artwork; restrained suspended motes/vertical veils, no horizontal wave lines."
source_center,images/rooms/world_6/source_center.webp,resonance,change,field.resonance,0.12,viewport,[[]],[{}],attenuated .65; same predicates,"Reviewed artwork; restrained suspended motes/vertical veils, no horizontal wave lines."
source_new_world,images/rooms/world_6/source_new_world.webp,,none,,,,[],[],attenuated .65; same predicates,Quiet artwork; preserve deliberate absence of an authored effect.
sector9_crash_site,images/rooms/world_2/crash_site.webp,fog,keep,legacy.fog,0.5,viewport,[[]],[{}],attenuated .65; same predicates,"Preserve authored family; bounded shared renderer, no extra layer."
sector9_pod_interior,images/rooms/world_2/pod_interior.webp,,none,,,,[],[],attenuated .65; same predicates,Quiet artwork; preserve deliberate absence of an authored effect.
sector9_landing_brush,images/rooms/world_2/landing_brush.webp,fog,keep,legacy.fog,0.5,viewport,[[]],[{}],attenuated .65; same predicates,"Preserve authored family; bounded shared renderer, no extra layer."
sector9_landing_glade,images/rooms/world_2/landing_glade.webp,fog,keep,legacy.fog,0.5,viewport,[[]],[{}],attenuated .65; same predicates,"Preserve authored family; bounded shared renderer, no extra layer."
sector9_landing_stream,images/rooms/world_2/landing_stream.webp,fog,keep,legacy.fog,0.5,viewport,[[]],[{}],attenuated .65; same predicates,"Preserve authored family; bounded shared renderer, no extra layer."
sector9_landing_perimeter,images/rooms/world_2/landing_perimeter.webp,fog,keep,legacy.fog,0.5,viewport,[[]],[{}],attenuated .65; same predicates,"Preserve authored family; bounded shared renderer, no extra layer."
sector9_landing_drop,images/rooms/world_2/landing_drop.webp,fog,keep,legacy.fog,0.5,viewport,[[]],[{}],attenuated .65; same predicates,"Preserve authored family; bounded shared renderer, no extra layer."
sector9_stream_pools,images/rooms/world_2/stream_pools.webp,fog,keep,legacy.fog,0.5,viewport,[[]],[{}],attenuated .65; same predicates,"Preserve authored family; bounded shared renderer, no extra layer."
sector9_stream_wetlands,images/rooms/world_2/stream_wetlands.webp,fog,keep,legacy.fog,0.5,viewport,[[]],[{}],attenuated .65; same predicates,"Preserve authored family; bounded shared renderer, no extra layer."
sector9_stream_flats,images/rooms/world_2/stream_flats.webp,fog,keep,legacy.fog,0.5,viewport,[[]],[{}],attenuated .65; same predicates,"Preserve authored family; bounded shared renderer, no extra layer."
sector9_stream_falls,images/rooms/world_2/stream_falls.webp,fog,keep,legacy.fog,0.5,viewport,[[]],[{}],attenuated .65; same predicates,"Preserve authored family; bounded shared renderer, no extra layer."
sector9_stream_tidepools,images/rooms/world_2/stream_tidepools.webp,fog,keep,legacy.fog,0.5,viewport,[[]],[{}],attenuated .65; same predicates,"Preserve authored family; bounded shared renderer, no extra layer."
sector9_stream_cave_entrance,images/rooms/world_2/stream_cave_entrance.webp,fog,keep,legacy.fog,0.5,viewport,[[]],[{}],attenuated .65; same predicates,"Preserve authored family; bounded shared renderer, no extra layer."
sector9_stream_cave_depths,images/rooms/world_2/stream_cave_depths.webp,cave_drip,keep,legacy.cave_drip,0.35,viewport,[[]],[{}],attenuated .65; same predicates,"Preserve authored family; bounded shared renderer, no extra layer."
sector9_stream_sunken_passage,images/rooms/world_2/stream_sunken_passage.webp,cave_drip,keep,legacy.cave_drip,0.35,viewport,[[]],[{}],attenuated .65; same predicates,"Preserve authored family; bounded shared renderer, no extra layer."
sector9_sunken_aethel_vault,images/rooms/world_2/stream_sunken_passage.webp,cave_drip,keep,legacy.cave_drip,0.35,viewport,[[]],[{}],attenuated .65; same predicates,"Preserve authored family; bounded shared renderer, no extra layer."
sector9_beach_cliffs,images/rooms/world_2/beach_cliffs.webp,fog,keep,legacy.fog,0.5,viewport,[[]],[{}],attenuated .65; same predicates,"Preserve authored family; bounded shared renderer, no extra layer."
sector9_beach_cove,images/rooms/world_2/beach_cove.webp,fog,keep,legacy.fog,0.5,viewport,[[]],[{}],attenuated .65; same predicates,"Preserve authored family; bounded shared renderer, no extra layer."
sector9_beach_pools,images/rooms/world_2/beach_pools.webp,fog,keep,legacy.fog,0.5,viewport,[[]],[{}],attenuated .65; same predicates,"Preserve authored family; bounded shared renderer, no extra layer."
sector9_beach_cargo,images/rooms/world_2/beach_cargo.webp,fog,keep,legacy.fog,0.5,viewport,[[]],[{}],attenuated .65; same predicates,"Preserve authored family; bounded shared renderer, no extra layer."
sector9_beach_cave,images/rooms/world_2/beach_cave.webp,cave_drip,keep,legacy.cave_drip,0.35,viewport,[[]],[{}],attenuated .65; same predicates,"Preserve authored family; bounded shared renderer, no extra layer."
sector9_beach_pillar,images/rooms/world_2/beach_pillar.webp,fog,keep,legacy.fog,0.5,viewport,[[]],[{}],attenuated .65; same predicates,"Preserve authored family; bounded shared renderer, no extra layer."
sector9_beach_grotto,images/rooms/world_2/beach_grotto.webp,cave_drip,keep,legacy.cave_drip,0.35,viewport,[[]],[{}],attenuated .65; same predicates,"Preserve authored family; bounded shared renderer, no extra layer."
sector9_beach_dunes,images/rooms/world_2/beach_dunes.webp,fog,keep,legacy.fog,0.5,viewport,[[]],[{}],attenuated .65; same predicates,"Preserve authored family; bounded shared renderer, no extra layer."
sector9_canopy,images/rooms/world_2/resonant_canopy.webp,resonance,change,field.resonance,0.18,viewport,[[]],[{}],attenuated .65; same predicates,"Reviewed artwork; restrained suspended motes/vertical veils, no horizontal wave lines."
sector9_wilds_thickets,images/rooms/world_2/wilds_thickets.webp,resonance,change,field.resonance,0.18,viewport,[[]],[{}],attenuated .65; same predicates,"Reviewed artwork; restrained suspended motes/vertical veils, no horizontal wave lines."
sector9_wilds_nest,images/rooms/world_2/wilds_nest.webp,resonance,change,field.resonance,0.12,viewport,[[]],[{}],attenuated .65; same predicates,"Reviewed artwork; restrained suspended motes/vertical veils, no horizontal wave lines."
sector9_wilds_hollow,images/rooms/world_2/wilds_hollow.webp,resonance,change,field.resonance,0.18,viewport,[[]],[{}],attenuated .65; same predicates,"Reviewed artwork; restrained suspended motes/vertical veils, no horizontal wave lines."
sector9_wilds_grave,images/rooms/world_2/wilds_grave.webp,resonance,change,field.resonance,0.12,viewport,[[]],[{}],attenuated .65; same predicates,"Reviewed artwork; restrained suspended motes/vertical veils, no horizontal wave lines."
sector9_wilds_overlook,images/rooms/world_2/wilds_overlook.webp,resonance,change,field.resonance,0.18,viewport,[[]],[{}],attenuated .65; same predicates,"Reviewed artwork; restrained suspended motes/vertical veils, no horizontal wave lines."
sector9_wilds_canopy_walk,images/rooms/world_2/wilds_canopy_walk.webp,resonance,change,field.resonance,0.18,viewport,[[]],[{}],attenuated .65; same predicates,"Reviewed artwork; restrained suspended motes/vertical veils, no horizontal wave lines."
sector9_wilds_archway,images/rooms/world_2/wilds_archway.webp,resonance,change,field.resonance,0.18,viewport,[[]],[{}],attenuated .65; same predicates,"Reviewed artwork; restrained suspended motes/vertical veils, no horizontal wave lines."
sector9_wilds_dense_brush,images/rooms/world_2/wilds_dense_brush.webp,resonance,change,field.resonance,0.18,viewport,[[]],[{}],attenuated .65; same predicates,"Reviewed artwork; restrained suspended motes/vertical veils, no horizontal wave lines."
sector9_wilds_clearance,images/rooms/world_2/wilds_clearance.webp,resonance,change,field.resonance,0.18,viewport,[[]],[{}],attenuated .65; same predicates,"Reviewed artwork; restrained suspended motes/vertical veils, no horizontal wave lines."
sector9_wilds_lookout,images/rooms/world_2/wilds_lookout.webp,resonance,change,field.resonance,0.12,viewport,[[]],[{}],attenuated .65; same predicates,"Reviewed artwork; restrained suspended motes/vertical veils, no horizontal wave lines."
sector9_ridge_climb,images/rooms/world_2/ridge_climb.webp,resonance,change,field.resonance,0.12,viewport,[[]],[{}],attenuated .65; same predicates,"Reviewed artwork; restrained suspended motes/vertical veils, no horizontal wave lines."
sector9_ridge_ledges,images/rooms/world_2/ridge_ledges.webp,resonance,change,field.resonance,0.12,viewport,[[]],[{}],attenuated .65; same predicates,"Reviewed artwork; restrained suspended motes/vertical veils, no horizontal wave lines."
sector9_ridge_overhang,images/rooms/world_2/ridge_overhang.webp,resonance,change,field.resonance,0.12,viewport,[[]],[{}],attenuated .65; same predicates,"Reviewed artwork; restrained suspended motes/vertical veils, no horizontal wave lines."
sector9_canopy_ridge,images/rooms/world_2/canopy_ridge.webp,resonance,change,field.resonance,0.23,viewport,[[]],[{}],attenuated .65; same predicates,"Reviewed artwork; restrained suspended motes/vertical veils, no horizontal wave lines."
sector9_ridge_viewpoint,images/rooms/world_2/ridge_viewpoint.webp,resonance,change,field.resonance,0.12,viewport,[[]],[{}],attenuated .65; same predicates,"Reviewed artwork; restrained suspended motes/vertical veils, no horizontal wave lines."
sector9_ridge_sniper_perch,images/rooms/world_2/ridge_sniper_perch.webp,resonance,change,field.resonance,0.18,viewport,[[]],[{}],attenuated .65; same predicates,"Reviewed artwork; restrained suspended motes/vertical veils, no horizontal wave lines."
sector9_ridge_crevice,images/rooms/world_2/ridge_crevice.webp,resonance,change,field.resonance,0.18,viewport,[[]],[{}],attenuated .65; same predicates,"Reviewed artwork; restrained suspended motes/vertical veils, no horizontal wave lines."
sector9_ridge_plateau,images/rooms/world_2/ridge_plateau.webp,resonance,change,field.resonance,0.12,viewport,[[]],[{}],attenuated .65; same predicates,"Reviewed artwork; restrained suspended motes/vertical veils, no horizontal wave lines."
sector9_temple_plaza,images/rooms/world_2/temple_plaza.webp,fog,keep,legacy.fog,0.5,viewport,[[]],[{}],attenuated .65; same predicates,"Preserve authored family; bounded shared renderer, no extra layer."
sector9_temple_vestibule,images/rooms/world_2/temple_vestibule.webp,,none,,,,[],[],attenuated .65; same predicates,Quiet artwork; preserve deliberate absence of an authored effect.
sector9_temple_lock_chamber,images/rooms/world_2/temple_lock_chamber.webp,,none,,,,[],[],attenuated .65; same predicates,Quiet artwork; preserve deliberate absence of an authored effect.
sector9_temple_left_wing,images/rooms/world_2/temple_left_wing.webp,,none,,,,[],[],attenuated .65; same predicates,Quiet artwork; preserve deliberate absence of an authored effect.
sector9_temple_right_wing,images/rooms/world_2/temple_right_wing.webp,,none,,,,[],[],attenuated .65; same predicates,Quiet artwork; preserve deliberate absence of an authored effect.
sector9_temple_gate,images/rooms/world_2/temple_gate.webp,,none,,,,[],[],attenuated .65; same predicates,Quiet artwork; preserve deliberate absence of an authored effect.
sector9_foyer_grand_hall,images/rooms/world_2/foyer_grand_hall.webp,,none,,,,[],[],attenuated .65; same predicates,Quiet artwork; preserve deliberate absence of an authored effect.
sector9_foyer_left_gallery,images/rooms/world_2/foyer_left_gallery.webp,,none,,,,[],[],attenuated .65; same predicates,Quiet artwork; preserve deliberate absence of an authored effect.
sector9_foyer_right_gallery,images/rooms/world_2/foyer_right_gallery.webp,,none,,,,[],[],attenuated .65; same predicates,Quiet artwork; preserve deliberate absence of an authored effect.
sector9_foyer_security_hub,images/rooms/world_2/foyer_security_hub.webp,,none,,,,[],[],attenuated .65; same predicates,Quiet artwork; preserve deliberate absence of an authored effect.
sector9_foyer_vault_door,images/rooms/world_2/foyer_vault_door.webp,,none,,,,[],[],attenuated .65; same predicates,Quiet artwork; preserve deliberate absence of an authored effect.
sector9_conduit_crawlspace,images/rooms/world_2/conduit_crawlspace.webp,,none,,,,[],[],attenuated .65; same predicates,Quiet artwork; preserve deliberate absence of an authored effect.
sector9_conduit_junction,images/rooms/world_2/conduit_junction.webp,,none,,,,[],[],attenuated .65; same predicates,Quiet artwork; preserve deliberate absence of an authored effect.
sector9_conduit_breaker_room,images/rooms/world_2/conduit_breaker_room.webp,,none,,,,[],[],attenuated .65; same predicates,Quiet artwork; preserve deliberate absence of an authored effect.
sector9_conduit_access_shaft,images/rooms/world_2/conduit_access_shaft.webp,,none,,,,[],[],attenuated .65; same predicates,Quiet artwork; preserve deliberate absence of an authored effect.
sector9_hall_of_echoes,images/rooms/world_2/hall_of_echoes.webp,resonance,change,field.resonance,0.23,viewport,[[]],[{}],attenuated .65; same predicates,"Reviewed artwork; restrained suspended motes/vertical veils, no horizontal wave lines."
sector9_hall_echo_alcoves,images/rooms/world_2/hall_echo_alcoves.webp,resonance,change,field.resonance,0.23,viewport,[[]],[{}],attenuated .65; same predicates,"Reviewed artwork; restrained suspended motes/vertical veils, no horizontal wave lines."
sector9_hall_acoustics_lab,images/rooms/world_2/hall_acoustics_lab.webp,resonance,change,field.resonance,0.23,viewport,[[]],[{}],attenuated .65; same predicates,"Reviewed artwork; restrained suspended motes/vertical veils, no horizontal wave lines."
sector9_hall_reflection_pool,images/rooms/world_2/hall_reflection_pool.webp,resonance,change,field.resonance,0.23,viewport,[[]],[{}],attenuated .65; same predicates,"Reviewed artwork; restrained suspended motes/vertical veils, no horizontal wave lines."
sector9_archive_vault,images/rooms/world_2/archive_vault.webp,resonance,change,field.resonance,0.23,viewport,[[]],[{}],attenuated .65; same predicates,"Reviewed artwork; restrained suspended motes/vertical veils, no horizontal wave lines."
sector9_archive_reading_room,images/rooms/world_2/archive_reading_room.webp,resonance,change,field.resonance,0.12,viewport,[[]],[{}],attenuated .65; same predicates,"Reviewed artwork; restrained suspended motes/vertical veils, no horizontal wave lines."
sector9_archive_tuning_bay,images/rooms/world_2/archive_tuning_bay.webp,resonance,change,field.resonance,0.23,viewport,[[]],[{}],attenuated .65; same predicates,"Reviewed artwork; restrained suspended motes/vertical veils, no horizontal wave lines."
sector9_archive_secret_stash,images/rooms/world_2/archive_secret_stash.webp,resonance,change,field.resonance,0.23,viewport,[[]],[{}],attenuated .65; same predicates,"Reviewed artwork; restrained suspended motes/vertical veils, no horizontal wave lines."
sector9_stasis_chamber,images/rooms/world_2/stasis_chamber.webp,,none,,,,[],[],attenuated .65; same predicates,Quiet artwork; preserve deliberate absence of an authored effect.
sector9_stasis_ring_array,images/rooms/world_2/stasis_ring_array.webp,,none,,,,[],[],attenuated .65; same predicates,Quiet artwork; preserve deliberate absence of an authored effect.
sector9_stasis_coolant_lines,images/rooms/world_2/stasis_coolant_lines.webp,,none,,,,[],[],attenuated .65; same predicates,Quiet artwork; preserve deliberate absence of an authored effect.
sector9_stasis_observation,images/rooms/world_2/stasis_observation.webp,,none,,,,[],[],attenuated .65; same predicates,Quiet artwork; preserve deliberate absence of an authored effect.
sector9_vents_gantry,images/rooms/world_2/vents_gantry.webp,,none,,,,[],[],attenuated .65; same predicates,Quiet artwork; preserve deliberate absence of an authored effect.
sector9_vents_access_grate,images/rooms/world_2/vents_access_grate.webp,,none,,,,[],[],attenuated .65; same predicates,Quiet artwork; preserve deliberate absence of an authored effect.
sector9_vents_tech_alcove,images/rooms/world_2/vents_tech_alcove.webp,,none,,,,[],[],attenuated .65; same predicates,Quiet artwork; preserve deliberate absence of an authored effect.
sector9_power_turbine,images/rooms/world_2/power_turbine.webp,,none,,,,[],[],attenuated .65; same predicates,Quiet artwork; preserve deliberate absence of an authored effect.
sector9_power_manifold,images/rooms/world_2/power_manifold.webp,,none,,,,[],[],attenuated .65; same predicates,Quiet artwork; preserve deliberate absence of an authored effect.
sector9_power_breaker_deck,images/rooms/world_2/power_breaker_deck.webp,,none,,,,[],[],attenuated .65; same predicates,Quiet artwork; preserve deliberate absence of an authored effect.
sector9_power_valve,images/rooms/world_2/power_valve.webp,,none,,,,[],[],attenuated .65; same predicates,Quiet artwork; preserve deliberate absence of an authored effect.
sector9_source_gate,images/rooms/world_2/source_gate.webp,resonance,change,field.resonance,0.32,viewport,[[]],[{}],attenuated .65; same predicates,"Reviewed artwork; restrained suspended motes/vertical veils, no horizontal wave lines."
sector9_gate_emitter_left,images/rooms/world_2/gate_emitter_left.webp,resonance,change,field.resonance,0.23,viewport,[[]],[{}],attenuated .65; same predicates,"Reviewed artwork; restrained suspended motes/vertical veils, no horizontal wave lines."
sector9_gate_emitter_right,images/rooms/world_2/gate_emitter_right.webp,resonance,change,field.resonance,0.23,viewport,[[]],[{}],attenuated .65; same predicates,"Reviewed artwork; restrained suspended motes/vertical veils, no horizontal wave lines."
sector9_hangar_bay,images/rooms/world_2/hangar_bay.webp,,none,,,,[],[],attenuated .65; same predicates,Quiet artwork; preserve deliberate absence of an authored effect.
sector9_hangar_scaffolding,images/rooms/world_2/hangar_scaffolding.webp,,none,,,,[],[],attenuated .65; same predicates,Quiet artwork; preserve deliberate absence of an authored effect.
sector9_hangar_staging,images/rooms/world_2/hangar_staging.webp,,none,,,,[],[],attenuated .65; same predicates,Quiet artwork; preserve deliberate absence of an authored effect.
sector9_hangar_tower,images/rooms/world_2/hangar_tower.webp,,none,,,,[],[],attenuated .65; same predicates,Quiet artwork; preserve deliberate absence of an authored effect.
sector9_hangar_fuel_lines,images/rooms/world_2/hangar_fuel_lines.webp,,none,,,,[],[],attenuated .65; same predicates,Quiet artwork; preserve deliberate absence of an authored effect.
sector9_hangar_lock,images/rooms/world_2/hangar_lock.webp,,none,,,,[],[],attenuated .65; same predicates,Quiet artwork; preserve deliberate absence of an authored effect.
sector9_the_sky,images/rooms/world_2/the_sky.webp,resonance,change,field.resonance,0.23,viewport,[[]],[{}],attenuated .65; same predicates,"Reviewed artwork; restrained suspended motes/vertical veils, no horizontal wave lines."
sector9_sky_mesosphere,images/rooms/world_2/sky_mesosphere.webp,resonance,change,field.resonance,0.32,viewport,[[]],[{}],attenuated .65; same predicates,"Reviewed artwork; restrained suspended motes/vertical veils, no horizontal wave lines."
sector9_sky_shield_threshold,images/rooms/world_2/sky_shield_threshold.webp,resonance,change,field.resonance,0.23,viewport,[[]],[{}],attenuated .65; same predicates,"Reviewed artwork; restrained suspended motes/vertical veils, no horizontal wave lines."
sector9_sky_sensor_buoy,images/rooms/world_2/sky_sensor_buoy.webp,resonance,change,field.resonance,0.23,viewport,[[]],[{}],attenuated .65; same predicates,"Reviewed artwork; restrained suspended motes/vertical veils, no horizontal wave lines."
sector9_sky_barrier_core,images/rooms/world_2/sky_barrier_core.webp,resonance,change,field.resonance,0.32,viewport,[[]],[{}],attenuated .65; same predicates,"Reviewed artwork; restrained suspended motes/vertical veils, no horizontal wave lines."
sector9_sky_hard_deck,images/rooms/world_2/sky_hard_deck.webp,resonance,change,field.resonance,0.23,viewport,[[]],[{}],attenuated .65; same predicates,"Reviewed artwork; restrained suspended motes/vertical veils, no horizontal wave lines."
astra_bridge,images/rooms/astra/bridge.webp,industrial,change,light.gentle_pulse,0.12,scene,"[[{""x"": 0.48, ""y"": 0.39, ""angle_degrees"": -90}]]",[{}],attenuated .65; same predicates,"Reviewed Astra equipment/living space; subtle room-specific profile, no fabricated malfunction."
astra_common_room,images/rooms/astra/common_room.webp,industrial,change,light.gentle_pulse,0.08,scene,"[[{""x"": 0.52, ""y"": 0.4, ""angle_degrees"": -90}]]",[{}],attenuated .65; same predicates,"Reviewed Astra equipment/living space; subtle room-specific profile, no fabricated malfunction."
astra_quarters,images/rooms/astra/quarters.webp,industrial,change,legacy.industrial,0.06,scene,[[]],[{}],attenuated .65; same predicates,"Reviewed Astra equipment/living space; subtle room-specific profile, no fabricated malfunction."
astra_cargo_bay,images/rooms/astra/cargo_bay.webp,industrial,change,legacy.industrial,0.12,scene,[[]],[{}],attenuated .65; same predicates,"Reviewed Astra equipment/living space; subtle room-specific profile, no fabricated malfunction."
astra_simulation_deck,images/rooms/astra/simulation_deck.webp,industrial,change,light.gentle_pulse,0.18,scene,"[[{""x"": 0.5, ""y"": 0.52, ""angle_degrees"": -90}]]",[{}],attenuated .65; same predicates,"Reviewed Astra equipment/living space; subtle room-specific profile, no fabricated malfunction."
spire_vent_output_scale_01,images/rooms/world_3/spire_vent_output_scale_01.webp,rain,keep,legacy.rain,0.5,viewport,[[]],[{}],attenuated .65; same predicates,"Preserve authored family; bounded shared renderer, no extra layer."
spire_vent_output_scale_02,images/rooms/world_3/spire_vent_output_scale_02.webp,,none,,,,[],[],attenuated .65; same predicates,Quiet artwork; preserve deliberate absence of an authored effect.
spire_vent_output_scale_03,images/rooms/world_3/spire_vent_output_scale_03.webp,rain,keep,legacy.rain,0.5,viewport,[[]],[{}],attenuated .65; same predicates,"Preserve authored family; bounded shared renderer, no extra layer."
spire_the_static_scale_01,images/rooms/world_3/spire_the_static_scale_01.webp,,none,,,,[],[],attenuated .65; same predicates,Quiet artwork; preserve deliberate absence of an authored effect.
spire_the_static_scale_02,images/rooms/world_3/spire_the_static_scale_02.webp,,none,,,,[],[],attenuated .65; same predicates,Quiet artwork; preserve deliberate absence of an authored effect.
spire_the_static_scale_03,images/rooms/world_3/spire_the_static_scale_03.webp,,none,,,,[],[],attenuated .65; same predicates,Quiet artwork; preserve deliberate absence of an authored effect.
spire_night_market_scale_01,images/rooms/world_3/spire_night_market_scale_01.webp,,none,,,,[],[],attenuated .65; same predicates,Quiet artwork; preserve deliberate absence of an authored effect.
spire_night_market_scale_02,images/rooms/world_3/spire_night_market_scale_02.webp,,none,,,,[],[],attenuated .65; same predicates,Quiet artwork; preserve deliberate absence of an authored effect.
spire_night_market_scale_03,images/rooms/world_3/spire_night_market_scale_03.webp,,none,,,,[],[],attenuated .65; same predicates,Quiet artwork; preserve deliberate absence of an authored effect.
spire_sewers_scale_01,images/rooms/world_3/spire_sewers_scale_01.webp,cave_drip,keep,legacy.cave_drip,0.35,viewport,[[]],[{}],attenuated .65; same predicates,"Preserve authored family; bounded shared renderer, no extra layer."
spire_sewers_scale_02,images/rooms/world_3/spire_sewers_scale_02.webp,cave_drip,keep,legacy.cave_drip,0.35,viewport,[[]],[{}],attenuated .65; same predicates,"Preserve authored family; bounded shared renderer, no extra layer."
spire_sewers_scale_03,images/rooms/world_3/spire_sewers_scale_03.webp,,none,,,,[],[],attenuated .65; same predicates,Quiet artwork; preserve deliberate absence of an authored effect.
spire_transit_plaza_scale_01,images/rooms/world_3/spire_transit_plaza_scale_01.webp,,none,,,,[],[],attenuated .65; same predicates,Quiet artwork; preserve deliberate absence of an authored effect.
spire_transit_plaza_scale_02,images/rooms/world_3/spire_transit_plaza_scale_02.webp,,none,,,,[],[],attenuated .65; same predicates,Quiet artwork; preserve deliberate absence of an authored effect.
spire_transit_plaza_scale_03,images/rooms/world_3/spire_transit_plaza_scale_03.webp,,none,,,,[],[],attenuated .65; same predicates,Quiet artwork; preserve deliberate absence of an authored effect.
spire_laundry_scale_01,images/rooms/world_3/spire_laundry_scale_01.webp,steam,change,machinery.vent_mist,0.3,scene,"[[{""x"": 0.22, ""y"": 0.21, ""angle_degrees"": -80}, {""x"": 0.7, ""y"": 0.38, ""angle_degrees"": -104}]]",[{}],attenuated .65; same predicates,"Sources placed against pictured pipe outlets, shower nozzles or hot water; generic five-nozzle layout removed."
spire_laundry_scale_02,images/rooms/world_3/spire_laundry_scale_02.webp,,none,,,,[],[],attenuated .65; same predicates,Quiet artwork; preserve deliberate absence of an authored effect.
spire_laundry_scale_03,images/rooms/world_3/spire_laundry_scale_03.webp,,none,,,,[],[],attenuated .65; same predicates,Quiet artwork; preserve deliberate absence of an authored effect.
spire_skypark_scale_01,images/rooms/world_3/spire_skypark_scale_01.webp,,none,,,,[],[],attenuated .65; same predicates,Quiet artwork; preserve deliberate absence of an authored effect.
spire_skypark_scale_02,images/rooms/world_3/spire_skypark_scale_02.webp,,none,,,,[],[],attenuated .65; same predicates,Quiet artwork; preserve deliberate absence of an authored effect.
spire_skypark_scale_03,images/rooms/world_3/spire_skypark_scale_03.webp,,none,,,,[],[],attenuated .65; same predicates,Quiet artwork; preserve deliberate absence of an authored effect.
spire_archive_scale_01,images/rooms/world_3/spire_archive_scale_01.webp,,none,,,,[],[],attenuated .65; same predicates,Quiet artwork; preserve deliberate absence of an authored effect.
spire_archive_scale_02,images/rooms/world_3/spire_archive_scale_02.webp,,none,,,,[],[],attenuated .65; same predicates,Quiet artwork; preserve deliberate absence of an authored effect.
spire_archive_scale_03,images/rooms/world_3/spire_archive_scale_03.webp,,none,,,,[],[],attenuated .65; same predicates,Quiet artwork; preserve deliberate absence of an authored effect.
spire_exec_lounge_scale_01,images/rooms/world_3/spire_exec_lounge_scale_01.webp,,none,,,,[],[],attenuated .65; same predicates,Quiet artwork; preserve deliberate absence of an authored effect.
spire_exec_lounge_scale_02,images/rooms/world_3/spire_exec_lounge_scale_02.webp,,none,,,,[],[],attenuated .65; same predicates,Quiet artwork; preserve deliberate absence of an authored effect.
spire_exec_lounge_scale_03,images/rooms/world_3/spire_exec_lounge_scale_03.webp,,none,,,,[],[],attenuated .65; same predicates,Quiet artwork; preserve deliberate absence of an authored effect.
spire_exec_lounge_scale_04,images/rooms/world_3/spire_exec_lounge_scale_04.webp,,none,,,,[],[],attenuated .65; same predicates,Quiet artwork; preserve deliberate absence of an authored effect.
spire_exec_lounge_scale_05,images/rooms/world_3/spire_exec_lounge_scale_05.webp,,none,,,,[],[],attenuated .65; same predicates,Quiet artwork; preserve deliberate absence of an authored effect.
spire_landing_pad_scale_01,images/rooms/world_3/spire_landing_pad_scale_01.webp,storm,keep,legacy.storm,0.5,viewport,[[]],[{}],attenuated .65; same predicates,"Preserve authored family; bounded shared renderer, no extra layer."
spire_landing_pad_scale_02,images/rooms/world_3/spire_landing_pad_scale_02.webp,storm,keep,legacy.storm,0.5,viewport,[[]],[{}],attenuated .65; same predicates,"Preserve authored family; bounded shared renderer, no extra layer."
spire_landing_pad_scale_03,images/rooms/world_3/spire_landing_pad_scale_03.webp,storm,keep,legacy.storm,0.5,viewport,[[]],[{}],attenuated .65; same predicates,"Preserve authored family; bounded shared renderer, no extra layer."
spire_landing_pad_scale_04,images/rooms/world_3/spire_landing_pad_scale_04.webp,storm,keep,legacy.storm,0.5,viewport,[[]],[{}],attenuated .65; same predicates,"Preserve authored family; bounded shared renderer, no extra layer."
foundry_obsidian_shelf_scale_01,images/rooms/world_4/foundry_obsidian_shelf_scale_01.webp,dust,keep,legacy.dust,0.25,viewport,[[]],[{}],attenuated .65; same predicates,"Preserve authored family; bounded shared renderer, no extra layer."
foundry_obsidian_shelf_scale_02,images/rooms/world_4/foundry_obsidian_shelf_scale_02.webp,dust,keep,legacy.dust,0.25,viewport,[[]],[{}],attenuated .65; same predicates,"Preserve authored family; bounded shared renderer, no extra layer."
foundry_obsidian_shelf_scale_03,images/rooms/world_4/foundry_obsidian_shelf_scale_03.webp,dust,keep,legacy.dust,0.25,viewport,[[]],[{}],attenuated .65; same predicates,"Preserve authored family; bounded shared renderer, no extra layer."
foundry_obsidian_shelf_scale_04,images/rooms/world_4/foundry_obsidian_shelf_scale_04.webp,dust,keep,legacy.dust,0.25,viewport,[[]],[{}],attenuated .65; same predicates,"Preserve authored family; bounded shared renderer, no extra layer."
foundry_slag_river_scale_01,images/rooms/world_4/foundry_slag_river_scale_01.webp,dust,keep,legacy.dust,0.25,viewport,[[]],[{}],attenuated .65; same predicates,"Preserve authored family; bounded shared renderer, no extra layer."
foundry_slag_river_scale_02,images/rooms/world_4/foundry_slag_river_scale_02.webp,dust,keep,legacy.dust,0.25,viewport,[[]],[{}],attenuated .65; same predicates,"Preserve authored family; bounded shared renderer, no extra layer."
foundry_slag_river_scale_03,images/rooms/world_4/foundry_slag_river_scale_03.webp,dust,keep,legacy.dust,0.25,viewport,[[]],[{}],attenuated .65; same predicates,"Preserve authored family; bounded shared renderer, no extra layer."
foundry_slag_river_scale_04,images/rooms/world_4/foundry_slag_river_scale_04.webp,dust,keep,legacy.dust,0.25,viewport,[[]],[{}],attenuated .65; same predicates,"Preserve authored family; bounded shared renderer, no extra layer."
foundry_cooling_springs_scale_01,images/rooms/world_4/foundry_cooling_springs_scale_01.webp,steam,change,machinery.vent_mist,0.3,scene,"[[{""x"": 0.48, ""y"": 0.58, ""angle_degrees"": -90}, {""x"": 0.28, ""y"": 0.75, ""angle_degrees"": -74}]]",[{}],attenuated .65; same predicates,"Sources placed against pictured pipe outlets, shower nozzles or hot water; generic five-nozzle layout removed."
foundry_cooling_springs_scale_02,images/rooms/world_4/foundry_cooling_springs_scale_02.webp,steam,change,machinery.vent_mist,0.3,scene,"[[{""x"": 0.79, ""y"": 0.58, ""angle_degrees"": -90}]]",[{}],attenuated .65; same predicates,"Sources placed against pictured pipe outlets, shower nozzles or hot water; generic five-nozzle layout removed."
foundry_cooling_springs_scale_03,images/rooms/world_4/foundry_cooling_springs_scale_03.webp,steam,change,machinery.vent_mist,0.3,scene,"[[{""x"": 0.25, ""y"": 0.31, ""angle_degrees"": -80}, {""x"": 0.7, ""y"": 0.34, ""angle_degrees"": -100}]]",[{}],attenuated .65; same predicates,"Sources placed against pictured pipe outlets, shower nozzles or hot water; generic five-nozzle layout removed."
foundry_cooling_springs_scale_04,images/rooms/world_4/foundry_cooling_springs_scale_04.webp,steam,change,machinery.vent_mist,0.3,scene,"[[{""x"": 0.22, ""y"": 0.64, ""angle_degrees"": -90}, {""x"": 0.71, ""y"": 0.77, ""angle_degrees"": -90}]]",[{}],attenuated .65; same predicates,"Sources placed against pictured pipe outlets, shower nozzles or hot water; generic five-nozzle layout removed."
foundry_waste_intake_scale_01,images/rooms/world_4/foundry_waste_intake_scale_01.webp,gas,keep,legacy.gas,0.5,viewport,[[]],[{}],attenuated .65; same predicates,"Preserve authored family; bounded shared renderer, no extra layer."
foundry_waste_intake_scale_02,images/rooms/world_4/foundry_waste_intake_scale_02.webp,gas,keep,legacy.gas,0.5,viewport,[[]],[{}],attenuated .65; same predicates,"Preserve authored family; bounded shared renderer, no extra layer."
foundry_waste_intake_scale_03,images/rooms/world_4/foundry_waste_intake_scale_03.webp,gas,keep,legacy.gas,0.5,viewport,[[]],[{}],attenuated .65; same predicates,"Preserve authored family; bounded shared renderer, no extra layer."
foundry_waste_intake_scale_04,images/rooms/world_4/foundry_waste_intake_scale_04.webp,gas,keep,legacy.gas,0.5,viewport,[[]],[{}],attenuated .65; same predicates,"Preserve authored family; bounded shared renderer, no extra layer."
foundry_service_airlock_scale_01,images/rooms/world_4/foundry_service_airlock_scale_01.webp,,none,,,,[],[],attenuated .65; same predicates,Quiet artwork; preserve deliberate absence of an authored effect.
foundry_service_airlock_scale_02,images/rooms/world_4/foundry_service_airlock_scale_02.webp,,none,,,,[],[],attenuated .65; same predicates,Quiet artwork; preserve deliberate absence of an authored effect.
foundry_service_airlock_scale_03,images/rooms/world_4/foundry_service_airlock_scale_03.webp,,none,,,,[],[],attenuated .65; same predicates,Quiet artwork; preserve deliberate absence of an authored effect.
foundry_service_airlock_scale_04,images/rooms/world_4/foundry_service_airlock_scale_04.webp,,none,,,,[],[],attenuated .65; same predicates,Quiet artwork; preserve deliberate absence of an authored effect.
foundry_conveyor_belt_scale_01,images/rooms/world_4/foundry_conveyor_belt_scale_01.webp,sparks,keep,legacy.sparks,0.5,viewport,"[[{""x"": 0.4, ""y"": 0.5, ""angle_degrees"": 55}, {""x"": 0.6, ""y"": 0.65, ""angle_degrees"": 125}]]",[{}],attenuated .65; same predicates,"Preserve authored family; bounded shared renderer, no extra layer."
foundry_conveyor_belt_scale_02,images/rooms/world_4/foundry_conveyor_belt_scale_02.webp,sparks,keep,legacy.sparks,0.5,viewport,"[[{""x"": 0.4, ""y"": 0.5, ""angle_degrees"": 55}, {""x"": 0.6, ""y"": 0.65, ""angle_degrees"": 125}]]",[{}],attenuated .65; same predicates,"Preserve authored family; bounded shared renderer, no extra layer."
foundry_conveyor_belt_scale_03,images/rooms/world_4/foundry_conveyor_belt_scale_03.webp,sparks,keep,legacy.sparks,0.5,viewport,"[[{""x"": 0.4, ""y"": 0.5, ""angle_degrees"": 55}, {""x"": 0.6, ""y"": 0.65, ""angle_degrees"": 125}]]",[{}],attenuated .65; same predicates,"Preserve authored family; bounded shared renderer, no extra layer."
foundry_conveyor_belt_scale_04,images/rooms/world_4/foundry_conveyor_belt_scale_04.webp,sparks,keep,legacy.sparks,0.5,viewport,"[[{""x"": 0.4, ""y"": 0.5, ""angle_degrees"": 55}, {""x"": 0.6, ""y"": 0.65, ""angle_degrees"": 125}]]",[{}],attenuated .65; same predicates,"Preserve authored family; bounded shared renderer, no extra layer."
foundry_conditioning_scale_01,images/rooms/world_4/foundry_conditioning_scale_01.webp,,none,,,,[],[],attenuated .65; same predicates,Quiet artwork; preserve deliberate absence of an authored effect.
foundry_conditioning_scale_02,images/rooms/world_4/foundry_conditioning_scale_02.webp,,none,,,,[],[],attenuated .65; same predicates,Quiet artwork; preserve deliberate absence of an authored effect.
foundry_conditioning_scale_03,images/rooms/world_4/foundry_conditioning_scale_03.webp,,none,,,,[],[],attenuated .65; same predicates,Quiet artwork; preserve deliberate absence of an authored effect.
foundry_conditioning_scale_04,images/rooms/world_4/foundry_conditioning_scale_04.webp,,none,,,,[],[],attenuated .65; same predicates,Quiet artwork; preserve deliberate absence of an authored effect.
foundry_forge_scale_01,images/rooms/world_4/foundry_forge_scale_01.webp,sparks,keep,legacy.sparks,0.5,viewport,"[[{""x"": 0.4, ""y"": 0.5, ""angle_degrees"": 55}, {""x"": 0.6, ""y"": 0.65, ""angle_degrees"": 125}]]",[{}],attenuated .65; same predicates,"Preserve authored family; bounded shared renderer, no extra layer."
foundry_forge_scale_02,images/rooms/world_4/foundry_forge_scale_02.webp,sparks,keep,legacy.sparks,0.5,viewport,"[[{""x"": 0.4, ""y"": 0.5, ""angle_degrees"": 55}, {""x"": 0.6, ""y"": 0.65, ""angle_degrees"": 125}]]",[{}],attenuated .65; same predicates,"Preserve authored family; bounded shared renderer, no extra layer."
foundry_forge_scale_03,images/rooms/world_4/foundry_forge_scale_03.webp,sparks,keep,legacy.sparks,0.5,viewport,"[[{""x"": 0.4, ""y"": 0.5, ""angle_degrees"": 55}, {""x"": 0.6, ""y"": 0.65, ""angle_degrees"": 125}]]",[{}],attenuated .65; same predicates,"Preserve authored family; bounded shared renderer, no extra layer."
foundry_forge_scale_04,images/rooms/world_4/foundry_forge_scale_04.webp,sparks,keep,legacy.sparks,0.5,viewport,"[[{""x"": 0.4, ""y"": 0.5, ""angle_degrees"": 55}, {""x"": 0.6, ""y"": 0.65, ""angle_degrees"": 125}]]",[{}],attenuated .65; same predicates,"Preserve authored family; bounded shared renderer, no extra layer."
foundry_power_core_scale_01,images/rooms/world_4/foundry_power_core_scale_01.webp,sparks,keep,legacy.sparks,0.5,viewport,"[[{""x"": 0.4, ""y"": 0.5, ""angle_degrees"": 55}, {""x"": 0.6, ""y"": 0.65, ""angle_degrees"": 125}]]",[{}],attenuated .65; same predicates,"Preserve authored family; bounded shared renderer, no extra layer."
foundry_power_core_scale_02,images/rooms/world_4/foundry_power_core_scale_02.webp,sparks,keep,legacy.sparks,0.5,viewport,"[[{""x"": 0.4, ""y"": 0.5, ""angle_degrees"": 55}, {""x"": 0.6, ""y"": 0.65, ""angle_degrees"": 125}]]",[{}],attenuated .65; same predicates,"Preserve authored family; bounded shared renderer, no extra layer."
foundry_power_core_scale_03,images/rooms/world_4/foundry_power_core_scale_03.webp,sparks,keep,legacy.sparks,0.5,viewport,"[[{""x"": 0.4, ""y"": 0.5, ""angle_degrees"": 55}, {""x"": 0.6, ""y"": 0.65, ""angle_degrees"": 125}]]",[{}],attenuated .65; same predicates,"Preserve authored family; bounded shared renderer, no extra layer."
foundry_power_core_scale_04,images/rooms/world_4/foundry_power_core_scale_04.webp,sparks,keep,legacy.sparks,0.5,viewport,"[[{""x"": 0.4, ""y"": 0.5, ""angle_degrees"": 55}, {""x"": 0.6, ""y"": 0.65, ""angle_degrees"": 125}]]",[{}],attenuated .65; same predicates,"Preserve authored family; bounded shared renderer, no extra layer."
foundry_titan_dock_scale_01,images/rooms/world_4/foundry_titan_dock_scale_01.webp,sparks,keep,legacy.sparks,0.5,viewport,"[[{""x"": 0.4, ""y"": 0.5, ""angle_degrees"": 55}, {""x"": 0.6, ""y"": 0.65, ""angle_degrees"": 125}]]",[{}],attenuated .65; same predicates,"Preserve authored family; bounded shared renderer, no extra layer."
foundry_titan_dock_scale_02,images/rooms/world_4/foundry_titan_dock_scale_02.webp,sparks,keep,legacy.sparks,0.5,viewport,"[[{""x"": 0.4, ""y"": 0.5, ""angle_degrees"": 55}, {""x"": 0.6, ""y"": 0.65, ""angle_degrees"": 125}]]",[{}],attenuated .65; same predicates,"Preserve authored family; bounded shared renderer, no extra layer."
foundry_titan_dock_scale_03,images/rooms/world_4/foundry_titan_dock_scale_03.webp,sparks,keep,legacy.sparks,0.5,viewport,"[[{""x"": 0.4, ""y"": 0.5, ""angle_degrees"": 55}, {""x"": 0.6, ""y"": 0.65, ""angle_degrees"": 125}]]",[{}],attenuated .65; same predicates,"Preserve authored family; bounded shared renderer, no extra layer."
foundry_titan_dock_scale_04,images/rooms/world_4/foundry_titan_dock_scale_04.webp,sparks,keep,legacy.sparks,0.5,viewport,"[[{""x"": 0.4, ""y"": 0.5, ""angle_degrees"": 55}, {""x"": 0.6, ""y"": 0.65, ""angle_degrees"": 125}]]",[{}],attenuated .65; same predicates,"Preserve authored family; bounded shared renderer, no extra layer."
orbital_executive_dock_scale_01,images/rooms/world_5/orbital_executive_dock_scale_01.webp,,none,,,,[],[],attenuated .65; same predicates,Quiet artwork; preserve deliberate absence of an authored effect.
orbital_executive_dock_scale_02,images/rooms/world_5/orbital_executive_dock_scale_02.webp,,none,,,,[],[],attenuated .65; same predicates,Quiet artwork; preserve deliberate absence of an authored effect.
orbital_executive_dock_scale_03,images/rooms/world_5/orbital_executive_dock_scale_03.webp,,none,,,,[],[],attenuated .65; same predicates,Quiet artwork; preserve deliberate absence of an authored effect.
orbital_executive_dock_scale_04,images/rooms/world_5/orbital_executive_dock_scale_04.webp,,none,,,,[],[],attenuated .65; same predicates,Quiet artwork; preserve deliberate absence of an authored effect.
orbital_executive_dock_scale_05,images/rooms/world_5/orbital_executive_dock_scale_05.webp,,none,,,,[],[],attenuated .65; same predicates,Quiet artwork; preserve deliberate absence of an authored effect.
orbital_executive_dock_scale_06,images/rooms/world_5/orbital_executive_dock_scale_06.webp,,none,,,,[],[],attenuated .65; same predicates,Quiet artwork; preserve deliberate absence of an authored effect.
orbital_grand_concourse_scale_01,images/rooms/world_5/orbital_grand_concourse_scale_01.webp,,none,,,,[],[],attenuated .65; same predicates,Quiet artwork; preserve deliberate absence of an authored effect.
orbital_grand_concourse_scale_02,images/rooms/world_5/orbital_grand_concourse_scale_02.webp,,none,,,,[],[],attenuated .65; same predicates,Quiet artwork; preserve deliberate absence of an authored effect.
orbital_grand_concourse_scale_03,images/rooms/world_5/orbital_grand_concourse_scale_03.webp,,none,,,,[],[],attenuated .65; same predicates,Quiet artwork; preserve deliberate absence of an authored effect.
orbital_grand_concourse_scale_04,images/rooms/world_5/orbital_grand_concourse_scale_04.webp,,none,,,,[],[],attenuated .65; same predicates,Quiet artwork; preserve deliberate absence of an authored effect.
orbital_grand_concourse_scale_05,images/rooms/world_5/orbital_grand_concourse_scale_05.webp,,none,,,,[],[],attenuated .65; same predicates,Quiet artwork; preserve deliberate absence of an authored effect.
orbital_grand_concourse_scale_06,images/rooms/world_5/orbital_grand_concourse_scale_06.webp,,none,,,,[],[],attenuated .65; same predicates,Quiet artwork; preserve deliberate absence of an authored effect.
orbital_solarium_scale_01,images/rooms/world_5/orbital_solarium_scale_01.webp,,none,,,,[],[],attenuated .65; same predicates,Quiet artwork; preserve deliberate absence of an authored effect.
orbital_solarium_scale_02,images/rooms/world_5/orbital_solarium_scale_02.webp,,none,,,,[],[],attenuated .65; same predicates,Quiet artwork; preserve deliberate absence of an authored effect.
orbital_solarium_scale_03,images/rooms/world_5/orbital_solarium_scale_03.webp,,none,,,,[],[],attenuated .65; same predicates,Quiet artwork; preserve deliberate absence of an authored effect.
orbital_solarium_scale_04,images/rooms/world_5/orbital_solarium_scale_04.webp,,none,,,,[],[],attenuated .65; same predicates,Quiet artwork; preserve deliberate absence of an authored effect.
orbital_solarium_scale_05,images/rooms/world_5/orbital_solarium_scale_05.webp,,none,,,,[],[],attenuated .65; same predicates,Quiet artwork; preserve deliberate absence of an authored effect.
orbital_solarium_scale_06,images/rooms/world_5/orbital_solarium_scale_06.webp,,none,,,,[],[],attenuated .65; same predicates,Quiet artwork; preserve deliberate absence of an authored effect.
orbital_security_hub_scale_01,images/rooms/world_5/orbital_security_hub_scale_01.webp,,none,,,,[],[],attenuated .65; same predicates,Quiet artwork; preserve deliberate absence of an authored effect.
orbital_security_hub_scale_02,images/rooms/world_5/orbital_security_hub_scale_02.webp,,none,,,,[],[],attenuated .65; same predicates,Quiet artwork; preserve deliberate absence of an authored effect.
orbital_security_hub_scale_03,images/rooms/world_5/orbital_security_hub_scale_03.webp,,none,,,,[],[],attenuated .65; same predicates,Quiet artwork; preserve deliberate absence of an authored effect.
orbital_security_hub_scale_04,images/rooms/world_5/orbital_security_hub_scale_04.webp,,none,,,,[],[],attenuated .65; same predicates,Quiet artwork; preserve deliberate absence of an authored effect.
orbital_security_hub_scale_05,images/rooms/world_5/orbital_security_hub_scale_05.webp,,none,,,,[],[],attenuated .65; same predicates,Quiet artwork; preserve deliberate absence of an authored effect.
orbital_security_hub_scale_06,images/rooms/world_5/orbital_security_hub_scale_06.webp,,none,,,,[],[],attenuated .65; same predicates,Quiet artwork; preserve deliberate absence of an authored effect.
orbital_service_shaft_scale_01,images/rooms/world_5/orbital_service_shaft_scale_01.webp,,none,,,,[],[],attenuated .65; same predicates,Quiet artwork; preserve deliberate absence of an authored effect.
orbital_service_shaft_scale_02,images/rooms/world_5/orbital_service_shaft_scale_02.webp,,none,,,,[],[],attenuated .65; same predicates,Quiet artwork; preserve deliberate absence of an authored effect.
orbital_service_shaft_scale_03,images/rooms/world_5/orbital_service_shaft_scale_03.webp,,none,,,,[],[],attenuated .65; same predicates,Quiet artwork; preserve deliberate absence of an authored effect.
orbital_service_shaft_scale_04,images/rooms/world_5/orbital_service_shaft_scale_04.webp,,none,,,,[],[],attenuated .65; same predicates,Quiet artwork; preserve deliberate absence of an authored effect.
orbital_service_shaft_scale_05,images/rooms/world_5/orbital_service_shaft_scale_05.webp,,none,,,,[],[],attenuated .65; same predicates,Quiet artwork; preserve deliberate absence of an authored effect.
orbital_service_shaft_scale_06,images/rooms/world_5/orbital_service_shaft_scale_06.webp,,none,,,,[],[],attenuated .65; same predicates,Quiet artwork; preserve deliberate absence of an authored effect.
deep_server_farm_scale_01,images/rooms/world_5/deep_server_farm_scale_01.webp,snow,keep,legacy.snow,0.5,viewport,[[]],[{}],attenuated .65; same predicates,"Preserve authored family; bounded shared renderer, no extra layer."
deep_server_farm_scale_02,images/rooms/world_5/deep_server_farm_scale_02.webp,snow,keep,legacy.snow,0.5,viewport,[[]],[{}],attenuated .65; same predicates,"Preserve authored family; bounded shared renderer, no extra layer."
deep_server_farm_scale_03,images/rooms/world_5/deep_server_farm_scale_03.webp,snow,keep,legacy.snow,0.5,viewport,[[]],[{}],attenuated .65; same predicates,"Preserve authored family; bounded shared renderer, no extra layer."
deep_server_farm_scale_04,images/rooms/world_5/deep_server_farm_scale_04.webp,snow,keep,legacy.snow,0.5,viewport,[[]],[{}],attenuated .65; same predicates,"Preserve authored family; bounded shared renderer, no extra layer."
deep_anchor_chamber_scale_01,images/rooms/world_5/deep_anchor_chamber_scale_01.webp,resonance,change,field.resonance,0.23,viewport,[[]],[{}],attenuated .65; same predicates,"Reviewed artwork; restrained suspended motes/vertical veils, no horizontal wave lines."
deep_anchor_chamber_scale_02,images/rooms/world_5/deep_anchor_chamber_scale_02.webp,resonance,change,field.resonance,0.23,viewport,[[]],[{}],attenuated .65; same predicates,"Reviewed artwork; restrained suspended motes/vertical veils, no horizontal wave lines."
deep_anchor_chamber_scale_03,images/rooms/world_5/deep_anchor_chamber_scale_03.webp,resonance,change,field.resonance,0.23,viewport,[[]],[{}],attenuated .65; same predicates,"Reviewed artwork; restrained suspended motes/vertical veils, no horizontal wave lines."
deep_anchor_chamber_scale_04,images/rooms/world_5/deep_anchor_chamber_scale_04.webp,resonance,change,field.resonance,0.12,viewport,[[]],[{}],attenuated .65; same predicates,"Reviewed artwork; restrained suspended motes/vertical veils, no horizontal wave lines."
deep_anchor_chamber_scale_05,images/rooms/world_5/deep_anchor_chamber_scale_05.webp,resonance,change,field.resonance,0.23,viewport,[[]],[{}],attenuated .65; same predicates,"Reviewed artwork; restrained suspended motes/vertical veils, no horizontal wave lines."
deep_anchor_chamber_scale_06,images/rooms/world_5/deep_anchor_chamber_scale_06.webp,resonance,change,field.resonance,0.23,viewport,[[]],[{}],attenuated .65; same predicates,"Reviewed artwork; restrained suspended motes/vertical veils, no horizontal wave lines."
deep_anchor_chamber_scale_07,images/rooms/world_5/deep_anchor_chamber_scale_07.webp,resonance,change,field.resonance,0.12,viewport,[[]],[{}],attenuated .65; same predicates,"Reviewed artwork; restrained suspended motes/vertical veils, no horizontal wave lines."
deep_anchor_chamber_scale_08,images/rooms/world_5/deep_anchor_chamber_scale_08.webp,resonance,change,field.resonance,0.23,viewport,[[]],[{}],attenuated .65; same predicates,"Reviewed artwork; restrained suspended motes/vertical veils, no horizontal wave lines."
deep_throne_room_scale_01,images/rooms/world_5/deep_throne_room_scale_01.webp,resonance,change,field.resonance,0.23,viewport,[[]],[{}],attenuated .65; same predicates,"Reviewed artwork; restrained suspended motes/vertical veils, no horizontal wave lines."
deep_throne_room_scale_02,images/rooms/world_5/deep_throne_room_scale_02.webp,resonance,change,field.resonance,0.23,viewport,[[]],[{}],attenuated .65; same predicates,"Reviewed artwork; restrained suspended motes/vertical veils, no horizontal wave lines."
deep_throne_room_scale_03,images/rooms/world_5/deep_throne_room_scale_03.webp,resonance,change,field.resonance,0.23,viewport,[[]],[{}],attenuated .65; same predicates,"Reviewed artwork; restrained suspended motes/vertical veils, no horizontal wave lines."
deep_throne_room_scale_04,images/rooms/world_5/deep_throne_room_scale_04.webp,resonance,change,field.resonance,0.12,viewport,[[]],[{}],attenuated .65; same predicates,"Reviewed artwork; restrained suspended motes/vertical veils, no horizontal wave lines."
deep_throne_room_scale_05,images/rooms/world_5/deep_throne_room_scale_05.webp,resonance,change,field.resonance,0.23,viewport,[[]],[{}],attenuated .65; same predicates,"Reviewed artwork; restrained suspended motes/vertical veils, no horizontal wave lines."
deep_throne_room_scale_06,images/rooms/world_5/deep_throne_room_scale_06.webp,resonance,change,field.resonance,0.23,viewport,[[]],[{}],attenuated .65; same predicates,"Reviewed artwork; restrained suspended motes/vertical veils, no horizontal wave lines."
deep_throne_room_scale_07,images/rooms/world_5/deep_throne_room_scale_07.webp,resonance,change,field.resonance,0.23,viewport,[[]],[{}],attenuated .65; same predicates,"Reviewed artwork; restrained suspended motes/vertical veils, no horizontal wave lines."
deep_tear_scale_01,images/rooms/world_5/deep_tear_scale_01.webp,resonance,change,field.resonance,0.32,viewport,[[]],[{}],attenuated .65; same predicates,"Reviewed artwork; restrained suspended motes/vertical veils, no horizontal wave lines."
deep_tear_scale_02,images/rooms/world_5/deep_tear_scale_02.webp,resonance,change,field.resonance,0.32,viewport,[[]],[{}],attenuated .65; same predicates,"Reviewed artwork; restrained suspended motes/vertical veils, no horizontal wave lines."
deep_tear_scale_03,images/rooms/world_5/deep_tear_scale_03.webp,resonance,change,field.resonance,0.32,viewport,[[]],[{}],attenuated .65; same predicates,"Reviewed artwork; restrained suspended motes/vertical veils, no horizontal wave lines."
deep_tear_scale_04,images/rooms/world_5/deep_tear_scale_04.webp,resonance,change,field.resonance,0.32,viewport,[[]],[{}],attenuated .65; same predicates,"Reviewed artwork; restrained suspended motes/vertical veils, no horizontal wave lines."
deep_tear_scale_05,images/rooms/world_5/deep_tear_scale_05.webp,resonance,change,field.resonance,0.32,viewport,[[]],[{}],attenuated .65; same predicates,"Reviewed artwork; restrained suspended motes/vertical veils, no horizontal wave lines."
deep_tear_scale_06,images/rooms/world_5/deep_tear_scale_06.webp,resonance,change,field.resonance,0.32,viewport,[[]],[{}],attenuated .65; same predicates,"Reviewed artwork; restrained suspended motes/vertical veils, no horizontal wave lines."
source_campfire_node_scale_01,images/rooms/world_6/source_campfire_node_scale_01.webp,resonance,change,field.resonance,0.23,viewport,[[]],[{}],attenuated .65; same predicates,"Reviewed artwork; restrained suspended motes/vertical veils, no horizontal wave lines."
source_campfire_node_scale_02,images/rooms/world_6/source_campfire_node_scale_02.webp,resonance,change,field.resonance,0.23,viewport,[[]],[{}],attenuated .65; same predicates,"Reviewed artwork; restrained suspended motes/vertical veils, no horizontal wave lines."
source_campfire_node_scale_03,images/rooms/world_6/source_campfire_node_scale_03.webp,resonance,change,field.resonance,0.23,viewport,[[]],[{}],attenuated .65; same predicates,"Reviewed artwork; restrained suspended motes/vertical veils, no horizontal wave lines."
source_campfire_node_scale_04,images/rooms/world_6/source_campfire_node_scale_04.webp,resonance,change,field.resonance,0.32,viewport,[[]],[{}],attenuated .65; same predicates,"Reviewed artwork; restrained suspended motes/vertical veils, no horizontal wave lines."
source_zeke_nightmare_node_scale_01,images/rooms/world_6/source_zeke_nightmare_node_scale_01.webp,,none,,,,[],[],attenuated .65; same predicates,Quiet artwork; preserve deliberate absence of an authored effect.
source_zeke_nightmare_node_scale_02,images/rooms/world_6/source_zeke_nightmare_node_scale_02.webp,,none,,,,[],[],attenuated .65; same predicates,Quiet artwork; preserve deliberate absence of an authored effect.
source_zeke_nightmare_node_scale_03,images/rooms/world_6/source_zeke_nightmare_node_scale_03.webp,,none,,,,[],[],attenuated .65; same predicates,Quiet artwork; preserve deliberate absence of an authored effect.
source_gh0st_nightmare_node_scale_01,images/rooms/world_6/source_gh0st_nightmare_node_scale_01.webp,,none,,,,[],[],attenuated .65; same predicates,Quiet artwork; preserve deliberate absence of an authored effect.
source_gh0st_nightmare_node_scale_02,images/rooms/world_6/source_gh0st_nightmare_node_scale_02.webp,,none,,,,[],[],attenuated .65; same predicates,Quiet artwork; preserve deliberate absence of an authored effect.
source_gh0st_nightmare_node_scale_03,images/rooms/world_6/source_gh0st_nightmare_node_scale_03.webp,,none,,,,[],[],attenuated .65; same predicates,Quiet artwork; preserve deliberate absence of an authored effect.
source_orion_nightmare_node_scale_01,images/rooms/world_6/source_orion_nightmare_node_scale_01.webp,starfall,keep,legacy.starfall,0.35,viewport,[[]],[{}],attenuated .65; same predicates,"Preserve authored family; bounded shared renderer, no extra layer."
source_orion_nightmare_node_scale_02,images/rooms/world_6/source_orion_nightmare_node_scale_02.webp,starfall,keep,legacy.starfall,0.35,viewport,[[]],[{}],attenuated .65; same predicates,"Preserve authored family; bounded shared renderer, no extra layer."
source_orion_nightmare_node_scale_03,images/rooms/world_6/source_orion_nightmare_node_scale_03.webp,starfall,keep,legacy.starfall,0.35,viewport,[[]],[{}],attenuated .65; same predicates,"Preserve authored family; bounded shared renderer, no extra layer."
source_echo_mines_node_scale_01,images/rooms/world_6/source_echo_mines_node_scale_01.webp,dust,keep,legacy.dust,0.25,viewport,[[]],[{}],attenuated .65; same predicates,"Preserve authored family; bounded shared renderer, no extra layer."
source_echo_mines_node_scale_02,images/rooms/world_6/source_echo_mines_node_scale_02.webp,dust,keep,legacy.dust,0.25,viewport,[[]],[{}],attenuated .65; same predicates,"Preserve authored family; bounded shared renderer, no extra layer."
source_echo_mines_node_scale_03,images/rooms/world_6/source_echo_mines_node_scale_03.webp,dust,keep,legacy.dust,0.25,viewport,[[]],[{}],attenuated .65; same predicates,"Preserve authored family; bounded shared renderer, no extra layer."
source_echo_mines_node_scale_04,images/rooms/world_6/source_echo_mines_node_scale_04.webp,dust,keep,legacy.dust,0.25,viewport,[[]],[{}],attenuated .65; same predicates,"Preserve authored family; bounded shared renderer, no extra layer."
source_memory_bridge_node_scale_01,images/rooms/world_6/source_memory_bridge_node_scale_01.webp,resonance,change,field.resonance,0.23,viewport,[[]],[{}],attenuated .65; same predicates,"Reviewed artwork; restrained suspended motes/vertical veils, no horizontal wave lines."
source_memory_bridge_node_scale_02,images/rooms/world_6/source_memory_bridge_node_scale_02.webp,resonance,change,field.resonance,0.23,viewport,[[]],[{}],attenuated .65; same predicates,"Reviewed artwork; restrained suspended motes/vertical veils, no horizontal wave lines."
source_memory_bridge_node_scale_03,images/rooms/world_6/source_memory_bridge_node_scale_03.webp,rain,keep,legacy.rain,0.5,viewport,[[]],[{}],attenuated .65; same predicates,"Preserve authored family; bounded shared renderer, no extra layer."
source_memory_bridge_node_scale_04,images/rooms/world_6/source_memory_bridge_node_scale_04.webp,resonance,change,field.resonance,0.23,viewport,[[]],[{}],attenuated .65; same predicates,"Reviewed artwork; restrained suspended motes/vertical veils, no horizontal wave lines."
source_memory_stair_node_scale_01,images/rooms/world_6/source_memory_stair_node_scale_01.webp,dust,keep,legacy.dust,0.25,viewport,[[]],[{}],attenuated .65; same predicates,"Preserve authored family; bounded shared renderer, no extra layer."
source_memory_stair_node_scale_02,images/rooms/world_6/source_memory_stair_node_scale_02.webp,resonance,change,field.resonance,0.23,viewport,[[]],[{}],attenuated .65; same predicates,"Reviewed artwork; restrained suspended motes/vertical veils, no horizontal wave lines."
source_memory_stair_node_scale_03,images/rooms/world_6/source_memory_stair_node_scale_03.webp,rain,keep,legacy.rain,0.5,viewport,[[]],[{}],attenuated .65; same predicates,"Preserve authored family; bounded shared renderer, no extra layer."
source_memory_stair_node_scale_04,images/rooms/world_6/source_memory_stair_node_scale_04.webp,resonance,change,field.resonance,0.12,viewport,[[]],[{}],attenuated .65; same predicates,"Reviewed artwork; restrained suspended motes/vertical veils, no horizontal wave lines."
source_spire_thought_node_scale_01,images/rooms/world_6/source_spire_thought_node_scale_01.webp,resonance,change,field.resonance,0.23,viewport,[[]],[{}],attenuated .65; same predicates,"Reviewed artwork; restrained suspended motes/vertical veils, no horizontal wave lines."
source_spire_thought_node_scale_02,images/rooms/world_6/source_spire_thought_node_scale_02.webp,resonance,change,field.resonance,0.23,viewport,[[]],[{}],attenuated .65; same predicates,"Reviewed artwork; restrained suspended motes/vertical veils, no horizontal wave lines."
source_spire_thought_node_scale_03,images/rooms/world_6/source_spire_thought_node_scale_03.webp,resonance,change,field.resonance,0.23,viewport,[[]],[{}],attenuated .65; same predicates,"Reviewed artwork; restrained suspended motes/vertical veils, no horizontal wave lines."
source_spire_thought_node_scale_04,images/rooms/world_6/source_spire_thought_node_scale_04.webp,resonance,change,field.resonance,0.23,viewport,[[]],[{}],attenuated .65; same predicates,"Reviewed artwork; restrained suspended motes/vertical veils, no horizontal wave lines."
source_center_node_scale_01,images/rooms/world_6/source_center_node_scale_01.webp,resonance,change,field.resonance,0.12,viewport,[[]],[{}],attenuated .65; same predicates,"Reviewed artwork; restrained suspended motes/vertical veils, no horizontal wave lines."
source_center_node_scale_02,images/rooms/world_6/source_center_node_scale_02.webp,resonance,change,field.resonance,0.23,viewport,[[]],[{}],attenuated .65; same predicates,"Reviewed artwork; restrained suspended motes/vertical veils, no horizontal wave lines."
source_center_node_scale_03,images/rooms/world_6/source_center_node_scale_03.webp,resonance,change,field.resonance,0.12,viewport,[[]],[{}],attenuated .65; same predicates,"Reviewed artwork; restrained suspended motes/vertical veils, no horizontal wave lines."
source_new_world_node_scale_01,images/rooms/world_6/source_new_world_node_scale_01.webp,,none,,,,[],[],attenuated .65; same predicates,Quiet artwork; preserve deliberate absence of an authored effect.
source_new_world_node_scale_02,images/rooms/world_6/source_new_world_node_scale_02.webp,,none,,,,[],[],attenuated .65; same predicates,Quiet artwork; preserve deliberate absence of an authored effect.
source_new_world_node_scale_03,images/rooms/world_6/source_new_world_node_scale_03.webp,,none,,,,[],[],attenuated .65; same predicates,Quiet artwork; preserve deliberate absence of an authored effect.
foundry_obsidian_shelf_scale_final,images/rooms/world_4/foundry_obsidian_shelf_scale_final.webp,dust,keep,legacy.dust,0.25,viewport,[[]],[{}],attenuated .65; same predicates,"Preserve authored family; bounded shared renderer, no extra layer."
foundry_slag_river_scale_final,images/rooms/world_4/foundry_slag_river_scale_final.webp,dust,keep,legacy.dust,0.25,viewport,[[]],[{}],attenuated .65; same predicates,"Preserve authored family; bounded shared renderer, no extra layer."
foundry_cooling_springs_scale_final,images/rooms/world_4/foundry_cooling_springs_scale_final.webp,steam,change,machinery.vent_mist,0.3,scene,"[[{""x"": 0.18, ""y"": 0.32, ""angle_degrees"": -78}, {""x"": 0.82, ""y"": 0.39, ""angle_degrees"": -105}]]",[{}],attenuated .65; same predicates,"Sources placed against pictured pipe outlets, shower nozzles or hot water; generic five-nozzle layout removed."
foundry_waste_intake_scale_final,images/rooms/world_4/foundry_waste_intake_scale_final.webp,gas,keep,legacy.gas,0.5,viewport,[[]],[{}],attenuated .65; same predicates,"Preserve authored family; bounded shared renderer, no extra layer."
foundry_service_airlock_scale_final,images/rooms/world_4/foundry_service_airlock_scale_final.webp,,none,,,,[],[],attenuated .65; same predicates,Quiet artwork; preserve deliberate absence of an authored effect.
foundry_conveyor_belt_scale_final,images/rooms/world_4/foundry_conveyor_belt_scale_final.webp,sparks,keep,legacy.sparks,0.5,viewport,"[[{""x"": 0.4, ""y"": 0.5, ""angle_degrees"": 55}, {""x"": 0.6, ""y"": 0.65, ""angle_degrees"": 125}]]",[{}],attenuated .65; same predicates,"Preserve authored family; bounded shared renderer, no extra layer."
foundry_conditioning_scale_final,images/rooms/world_4/foundry_conditioning_scale_final.webp,,none,,,,[],[],attenuated .65; same predicates,Quiet artwork; preserve deliberate absence of an authored effect.
foundry_forge_scale_final,images/rooms/world_4/foundry_forge_scale_final.webp,sparks,keep,legacy.sparks,0.5,viewport,"[[{""x"": 0.4, ""y"": 0.5, ""angle_degrees"": 55}, {""x"": 0.6, ""y"": 0.65, ""angle_degrees"": 125}]]",[{}],attenuated .65; same predicates,"Preserve authored family; bounded shared renderer, no extra layer."
foundry_power_core_scale_final,images/rooms/world_4/foundry_power_core_scale_final.webp,sparks,keep,legacy.sparks,0.5,viewport,"[[{""x"": 0.4, ""y"": 0.5, ""angle_degrees"": 55}, {""x"": 0.6, ""y"": 0.65, ""angle_degrees"": 125}]]",[{}],attenuated .65; same predicates,"Preserve authored family; bounded shared renderer, no extra layer."
foundry_titan_dock_scale_final,images/rooms/world_4/foundry_titan_dock_scale_final.webp,sparks,keep,legacy.sparks,0.5,viewport,"[[{""x"": 0.4, ""y"": 0.5, ""angle_degrees"": 55}, {""x"": 0.6, ""y"": 0.65, ""angle_degrees"": 125}]]",[{}],attenuated .65; same predicates,"Preserve authored family; bounded shared renderer, no extra layer."
orbital_executive_dock_scale_final,images/rooms/world_5/orbital_executive_dock_scale_final.webp,,none,,,,[],[],attenuated .65; same predicates,Quiet artwork; preserve deliberate absence of an authored effect.
orbital_grand_concourse_scale_final,images/rooms/world_5/orbital_grand_concourse_scale_final.webp,,none,,,,[],[],attenuated .65; same predicates,Quiet artwork; preserve deliberate absence of an authored effect.
orbital_solarium_scale_final,images/rooms/world_5/orbital_solarium_scale_final.webp,,none,,,,[],[],attenuated .65; same predicates,Quiet artwork; preserve deliberate absence of an authored effect.
orbital_security_hub_scale_final,images/rooms/world_5/orbital_security_hub_scale_final.webp,,none,,,,[],[],attenuated .65; same predicates,Quiet artwork; preserve deliberate absence of an authored effect.
orbital_service_shaft_scale_final,images/rooms/world_5/orbital_service_shaft_scale_final.webp,,none,,,,[],[],attenuated .65; same predicates,Quiet artwork; preserve deliberate absence of an authored effect.
source_campfire_node_scale_final,images/rooms/world_6/source_campfire_node_scale_final.webp,resonance,change,field.resonance,0.32,viewport,[[]],[{}],attenuated .65; same predicates,"Reviewed artwork; restrained suspended motes/vertical veils, no horizontal wave lines."
source_echo_mines_node_scale_final,images/rooms/world_6/source_echo_mines_node_scale_final.webp,dust,keep,legacy.dust,0.25,viewport,[[]],[{}],attenuated .65; same predicates,"Preserve authored family; bounded shared renderer, no extra layer."
source_memory_bridge_node_scale_final,images/rooms/world_6/source_memory_bridge_node_scale_final.webp,resonance,change,field.resonance,0.23,viewport,[[]],[{}],attenuated .65; same predicates,"Reviewed artwork; restrained suspended motes/vertical veils, no horizontal wave lines."
source_memory_stair_node_scale_final,images/rooms/world_6/source_memory_stair_node_scale_final.webp,resonance,change,field.resonance,0.23,viewport,[[]],[{}],attenuated .65; same predicates,"Reviewed artwork; restrained suspended motes/vertical veils, no horizontal wave lines."
source_center_node_scale_final,images/rooms/world_6/source_center_node_scale_final.webp,resonance,change,field.resonance,0.32,viewport,[[]],[{}],attenuated .65; same predicates,"Reviewed artwork; restrained suspended motes/vertical veils, no horizontal wave lines."
source_new_world_node_scale_final,images/rooms/world_6/source_new_world_node_scale_final.webp,,none,,,,[],[],attenuated .65; same predicates,Quiet artwork; preserve deliberate absence of an authored effect.
spire_rigging_deck,images/rooms/world_3/spire_landing_pad_roof.webp,rain,keep,legacy.rain,0.5,viewport,[[]],[{}],attenuated .65; same predicates,"Preserve authored family; bounded shared renderer, no extra layer."
foundry_pipe_gallery,images/rooms/world_4/foundry_service_airlock.webp,,none,,,,[],[],attenuated .65; same predicates,Quiet artwork; preserve deliberate absence of an authored effect.
spire_hidden_studio,images/rooms/world_3/spire_the_static.webp,,none,,,,[],[],attenuated .65; same predicates,Quiet artwork; preserve deliberate absence of an authored effect.
sector9_coastal_research_station,images/rooms/world_2/stream_pools.webp,fog,keep,legacy.fog,0.5,viewport,[[]],[{}],attenuated .65; same predicates,"Preserve authored family; bounded shared renderer, no extra layer."
spire_skyline_vip_suite,images/rooms/world_3/spire_exec_lounge_bar.webp,rain,keep,legacy.rain,0.5,viewport,[[]],[{}],attenuated .65; same predicates,"Preserve authored family; bounded shared renderer, no extra layer."
spire_vip_private_booth,images/rooms/world_3/spire_archive_vault.webp,rain,keep,legacy.rain,0.5,viewport,[[]],[{}],attenuated .65; same predicates,"Preserve authored family; bounded shared renderer, no extra layer."
foundry_crucible_arena,images/rooms/world_4/foundry_intake_overlook.webp,gas,keep,legacy.gas,0.5,viewport,[[]],[{}],attenuated .65; same predicates,"Preserve authored family; bounded shared renderer, no extra layer."
